index,unit2_pos,unit1_beam_32,unit1_beam_64
1,"[0.458303400996863, 0.8798701296379362]",19,37
2,"[0.3443484329210651, 0.08982683970949462]",19,34
3,"[0.6222162927665967, 0.08225108212325087]",2,4
4,"[0.18560784877089626, 0.8322510822385987]",26,51
5,"[0.3916381026627444, 0.08225108212325087]",15,29
6,"[0.5613595779994403, 0.06385281405105236]",6,11
7,"[0.46318835819798004, 0.8333333332564348]",15,28
8,"[0.5795037047610301, 0.0790043289159456]",6,10
9,"[0.40290634428230315, 0.1255411254512441]",18,34
10,"[0.1373329775674542, 0.12987012967638545]",27,53
11,"[0.20104267154545233, 0.1320346320196518]",24,47
12,"[0.3326081155953056, 0.03896103879525764]",19,37
13,"[0.20266414892544454, 0.11255411262202297]",24,47
14,"[0.5590402495907171, 0.06385281405105236]",6,10
15,"[0.7461464255643541, 0.7564935063761613]",4,7
16,"[0.615689333138931, 0.02272727275873123]",3,6
17,"[0.40588247367039615, 0.07359307351917108]",14,27
18,"[0.2565218283733185, 0.09523809526006626]",23,44
19,"[0.26194043636197, 0.12987012967638545]",25,49
20,"[0.8505983046243933, 0.8019480517398266]",2,2
21,"[0.12873298988556808, 0.8755411255665919]",28,55
22,"[0.449559738105753, 0.08874458869165856]",12,23
23,"[0.3088401305399226, 0.8398268395172482]",22,43
24,"[0.6843866094633251, 0.7673160173235074]",6,10
25,"[0.038258656432121396, 0.9080086581010361]",30,58
26,"[0.7723363641883231, 0.754329004186692]",3,6
27,"[0.3452310092229651, 0.9134199133440135]",24,47
28,"[0.49227232609673566, 0.7987012985325214]",14,27
29,"[0.5732230455024512, 0.8928571426209544]",14,27
30,"[0.9687198538551886, 0.8387445884994121]",3,6
31,"[0.14424991277343047, 0.13636363624479314]",30,60
32,"[0.4231645491620586, 0.06277056272562205]",13,26
33,"[0.40446624659554553, 0.04004329012068795]",15,29
34,"[0.07664046304149418, 0.12012987020826672]",30,58
35,"[0.4377783707306323, 0.07359307351917108]",12,22
36,"[0.14057593235660643, 0.09415584424223021]",27,53
37,"[0.4221998727468523, 0.753246753168856]",17,34
38,"[0.4683196157681837, 0.876623376584428]",18,34
39,"[0.41154738202813435, 0.08874458869165856]",14,27
40,"[0.5056341208170713, 0.11363636363985903]",8,14
41,"[0.0468996941779526, 0.8690476189981843]",30,59
42,"[0.8724574618667523, 0.7499999998077536]",2,2
43,"[0.031177520984948665, 0.8993506491893621]",30,59
44,"[0.2637671640616877, 0.03679653675958554]",23,44
45,"[0.016112148771314536, 0.8820346318274054]",30,60
46,"[0.10898791076137462, 0.8841991341706718]",28,55
47,"[0.6574782947786526, 0.032467532534444205]",2,3
48,"[0.6729952176665149, 0.050865800914236974]",2,3
49,"[0.5125100059591025, 0.03787878777742159]",9,16
50,"[0.28620102214094245, 0.0909090908811278]",20,39
51,"[0.7334003817594432, 0.7597402597372637]",4,8
52,"[0.16951622503155425, 0.1168831168471643]",26,51
53,"[0.2926048315913567, 0.8192640691017833]",22,43
54,"[0.1573654071100955, 0.825757575670191]",27,53
55,"[0.5501734365077717, 0.04653679668909564]",6,11
56,"[0.07389010899051528, 0.05952380951831677]",30,59
57,"[0.19704029063165146, 0.01731601720815959]",25,49
58,"[0.07144763038995677, 0.14610389617430322]",29,57
59,"[0.6240019704023694, 0.7489177489437147]",9,16
60,"[0.20301307443981004, 0.8744588742411616]",26,52
61,"[0.0118224174390658, 0.9220779219480933]",30,60
62,"[0.5107038032913573, 0.08008658008757877]",9,17
63,"[0.38646579504317957, 0.07792207789810954]",15,29
64,"[0.5915313725052375, 0.8170995669123141]",9,17
65,"[0.2655528416828764, 0.8625541124297765]",23,45
66,"[0.6610701750821703, 0.7716450215486488]",7,13
67,"[0.17462695758436927, 0.10606060605361528]",26,51
68,"[0.16592434474262044, 0.8333333332564348]",26,54
69,"[0.04809014593027303, 0.9036796535683006]",30,58
70,"[0.09642659222963273, 0.054112554121542256]",30,59
71,"[0.2699041481110428, 0.9502164501035991]",25,49
72,"[0.41468771167200774, 0.04004329012068795]",14,27
73,"[0.7950780977325821, 0.8333333332564348]",7,13
74,"[0.6353523121498182, 0.7932900431357468]",8,15
75,"[0.1008599987711054, 0.8863636363601409]",28,55
76,"[0.44633730834857327, 0.07575757586243743]",12,22
77,"[0.1553950042157378, 0.11904761919043066]",28,54
78,"[0.6485499066143735, 0.032467532534444205]",2,4
79,"[0.7994088791287759, 0.7521645021510199]",2,3
80,"[0.6597155230740694, 0.07792207789810954]",2,3
81,"[0.6703680137927874, 0.7987012985325214]",7,14
82,"[0.506578272200305, 0.08116883110541483]",9,17
83,"[0.28154184027693957, 0.123376623415572]",20,39
84,"[0.4323802877593694, 0.7521645021510199]",17,33
85,"[0.3021079206071154, 0.12121212122610277]",20,36
86,"[0.40097699143730664, 0.8084415583082343]",18,34
87,"[0.3276821083302435, 0.03896103879525764]",19,38
88,"[0.7880790624132995, 0.7662337659980771]",3,6
89,"[0.10157837483180894, 0.09523809526006626]",29,57
90,"[0.16972147533669582, 0.041125541138524]",26,52
91,"[0.4935859280408914, 0.08549783563815042]",10,19
92,"[0.3304735124451675, 0.08982683970949462]",19,38
93,"[0.403563145261673, 0.06818181796859943]",14,26
94,"[0.4388867223550625, 0.8863636363601409]",20,39
95,"[0.5575829724373373, 0.8095238093260704]",12,22
96,"[0.296730362682409, 0.8582251082046353]",22,43
97,"[0.361794708653924, 0.1168831168471643]",15,29
98,"[0.6462100531590939, 0.8106060606515006]",7,14
99,"[0.5688922641208413, 0.06385281405105236]",6,11
100,"[0.05486340592702536, 0.9080086581010361]",29,57
101,"[0.42554545268128335, 0.08658008665598646]",14,26
102,"[0.04441616551344901, 0.8560606058613689]",30,60
103,"[0.4837339135107672, 0.12121212122610277]",13,25
104,"[0.26949364750075966, 0.08008658008757877]",22,42
105,"[0.4289526077116321, 0.07792207789810954]",12,23
106,"[0.40926910366877234, 0.8409090908426785]",18,34
107,"[0.48843414543871516, 0.8712121210338564]",17,33
108,"[0.4442232302304078, 0.009740259775712974]",12,22
109,"[0.300404343099233, 0.07683982688027349]",20,39
110,"[0.6075819461806344, 0.7932900431357468]",9,17
111,"[0.5196116664236639, 0.03787878777742159]",8,14
112,"[0.20943740892219687, 0.826839826688027]",26,51
113,"[0.22097247594281483, 0.8030303030652569]",25,49
114,"[0.481373535023515, 0.053030303103706204]",9,17
115,"[0.5163071365531778, 0.826839826688027]",12,24
116,"[0.5332608115624473, 0.1168831168471643]",9,18
117,"[0.414585086512145, 0.06493506506888841]",13,26
118,"[0.2023767985069967, 0.9339826837594785]",30,59
119,"[0.40300896944216585, 0.826839826688027]",19,34
120,"[0.67560189650827, 0.027056276983872564]",2,2
121,"[0.436444243754504, 0.8181818179301501]",16,32
122,"[0.479095256664153, 0.8095238093260704]",14,27
123,"[0.23353379447455672, 0.928571428516501]",28,55
124,"[0.5492498101419266, 0.03679653675958554]",6,11
125,"[0.4806346339308389, 0.07142857132970185]",10,19
126,"[0.25514665134782905, 0.8636363634476126]",24,48
127,"[0.5369553170112439, 0.11363636363985903]",6,11
128,"[0.5326450606470227, 0.04761904770693169]",7,13
129,"[0.26922682211428434, 0.12878787881234652]",24,47
130,"[0.3893187742394373, 0.1255411254512441]",19,34
131,"[0.6540711397483039, 0.07792207789810954]",2,4
132,"[0.28700149832953614, 0.09415584424223021]",21,42
133,"[0.3113647092683713, 0.07792207789810954]",19,37
134,"[0.036226678441846044, 0.8582251082046353]",30,60
135,"[0.4955973809991942, 0.7467532466004483]",14,27
136,"[0.45666139857031435, 0.05844155850048072]",11,21
137,"[0.33453746844030213, 0.08008658008757877]",18,34
138,"[0.09234211120252557, 0.1168831168471643]",30,58
139,"[0.1833090453795617, 0.04004329012068795]",26,51
140,"[0.43305761375612783, 0.08658008665598646]",13,26
141,"[0.5163071365531778, 0.08441558446651723]",9,17
142,"[0.14759549270786151, 1.0]",30,59
143,"[0.6365838139660838, 0.774891774755954]",9,17
144,"[0.6550973912740117, 0.08549783563815042]",2,4
145,"[0.7549106134874367, 0.8019480517398266]",4,7
146,"[0.5007696886333429, 0.805194805100929]",13,26
147,"[0.5116479546745911, 0.8030303030652569]",12,23
148,"[0.47554442642458034, 0.07575757586243743]",9,17
149,"[0.49553580591786045, 0.014069264154651435]",9,17
150,"[0.5117711048664264, 0.11796536786500036]",11,21
151,"[0.3687937439732066, 0.03896103879525764]",17,33
152,"[0.2606268344323982, 0.8181818179301501]",24,46
153,"[0.4233903244991727, 0.0909090908811278]",14,26
154,"[0.3735966010610173, 0.8441558440499838]",19,37
155,"[0.08316742266915983, 0.09740259744953549]",30,58
156,"[0.49231337616068077, 0.7943722941535829]",13,26
157,"[0.04605816793999768, 0.13852813858805949]",30,60
158,"[0.06407914452433619, 0.13528138522695707]",30,59
159,"[0.3292830606928471, 0.0]",19,37
160,"[0.6638205291331493, 0.7337662337712272]",6,11
161,"[0.25165739618959015, 0.10173160182847395]",22,43
162,"[0.2612220603012665, 0.8463203463932502]",24,46
163,"[0.2349705465813799, 0.8225108224628858]",24,46
164,"[0.3324233903221366, 0.07683982688027349]",19,34
165,"[0.05478130579913517, 0.13852813858805949]",30,59
166,"[0.07261755711030465, 0.13311688303748784]",30,59
167,"[0.1271320375229645, 0.09632034643169944]",28,54
168,"[0.17148662794049588, 0.8798701296379362]",26,52
169,"[0.851398780812987, 0.835497835445904]",4,8
170,"[0.6758892469413017, 0.08441558446651723]",2,3
171,"[0.06810205045552571, 0.12229437224393883]",30,59
172,"[0.5432565013017955, 0.8950216449642208]",15,29
173,"[0.7439707723502709, 0.7943722941535829]",4,6
174,"[0.6445885757645177, 0.7932900431357468]",7,13
175,"[0.33045298741319495, 0.09956709948520759]",20,39
176,"[0.8271381950340146, 0.8831168828452415]",6,11
177,"[0.9534492313364129, 0.8376623374815761]",4,6
178,"[0.6749245705115114, 0.1071428573790456]",6,11
179,"[0.5771228012563893, 0.06277056272562205]",5,9
180,"[0.49182077543709135, 0.03787878777742159]",9,17
181,"[0.09221896102527419, 0.050865800914236974]",30,59
182,"[0.43790152090788365, 0.06493506506888841]",12,22
183,"[0.3307813879101718, 0.8376623374815761]",20,39
184,"[0.54122452331152, 0.06493506506888841]",6,11
185,"[0.5680507378683024, 0.06277056272562205]",6,11
186,"[0.3055561257014092, 0.09415584424223021]",20,39
187,"[0.4948995299704632, 0.8300865800491295]",14,26
188,"[0.15030479669489533, 0.83658008646374]",28,54
189,"[0.2604010590952841, 0.8311688309131684]",23,45
190,"[0.05792163544300857, 0.8993506491893621]",29,57
191,"[0.6515465610344391, 0.04004329012068795]",2,4
192,"[0.09234211120252557, 0.09632034643169944]",29,57
193,"[0.16099833747755835, 0.8809523808095693]",28,54
194,"[0.18922025410638654, 0.08333333344868118]",26,51
195,"[0.6952443504871846, 0.7965367964968493]",6,10
196,"[0.56546458405852, 0.8538961039794939]",14,27
197,"[0.545001128873623, 0.8106060606515006]",12,23
198,"[0.5781695777994857, 0.0790043289159456]",6,11
199,"[0.4574823997908806, 0.7997835497041546]",14,28
200,"[0.5125100059591025, 0.08441558446651723]",9,17
201,"[0.5874674165101029, 0.7467532466004483]",10,19
202,"[0.46113585517573213, 0.010822510793549026]",11,20
203,"[0.5179696640116991, 0.07792207789810954]",7,14
204,"[0.5839986863984205, 0.11363636363985903]",7,13
205,"[0.6512592106014073, 0.05844155850048072]",2,3
206,"[0.2875761991810158, 0.09632034643169944]",20,39
207,"[0.5232651218230993, 0.06709956695076338]",7,14
208,"[0.06742472445876725, 0.8603896102403074]",30,59
209,"[0.4623878820239702, 0.7759740257737902]",15,29
210,"[0.20151474723706922, 0.8409090908426785]",25,49
211,"[0.4635783337762906, 0.07359307351917108]",11,21
212,"[0.46704706388797307, 0.08874458869165856]",11,22
213,"[0.38279181461177164, 0.9058441557577698]",22,42
214,"[0.5100059522626263, 0.05844155850048072]",8,14
215,"[0.708482995001101, 0.764069263962405]",6,11
216,"[0.2644650150904187, 0.08116883110541483]",22,42
217,"[0.5692206646032342, 0.08008658008757877]",6,11
218,"[0.4264485540151559, 0.06601731608672447]",12,23
219,"[0.21138728679916594, 0.08549783563815042]",24,47
220,"[0.4944069292468738, 0.816017315894478]",14,27
221,"[0.35319472095745397, 0.07467532484460139]",17,34
222,"[0.361794708653924, 0.8474025974110863]",19,38
223,"[0.6893741918243048, 0.06493506506888841]",2,2
224,"[0.1983744176077797, 0.1093073594147177]",25,48
225,"[0.8321668274443556, 0.765151514980241]",2,4
226,"[0.09521561544533975, 0.08982683970949462]",31,61
227,"[0.4016132673847039, 0.08116883110541483]",14,27
228,"[0.5501734365077717, 0.07683982688027349]",7,13
229,"[0.547648857779323, 0.11580086582932826]",9,17
230,"[0.12967714128338576, 0.8430735930321478]",28,55
231,"[0.31774799368681306, 0.03787878777742159]",20,39
232,"[0.30584347611985707, 0.8419913418605146]",20,39
233,"[0.6143552061773867, 0.06060606053615282]",4,7
234,"[0.6309599556722907, 0.034632034723913435]",2,4
235,"[0.4059850988302589, 0.06601731608672447]",14,27
236,"[0.10818743457278089, 0.8928571426209544]",29,57
237,"[0.586851665609262, 0.07251082250133503]",6,11
238,"[0.43166191169866586, 0.8376623374815761]",17,33
239,"[0.5334865868995614, 0.7987012985325214]",12,22
240,"[0.3770858562046723, 0.07792207789810954]",15,29
241,"[0.10621703167842318, 0.11580086582932826]",28,55
242,"[0.14956589561680314, 0.8690476189981843]",27,54
243,"[0.5680507378683024, 0.04437229434582928]",6,11
244,"[0.1627224400174133, 0.13311688303748784]",26,51
245,"[0.31744011822180873, 0.8549783548435328]",20,42
246,"[0.47318404795191205, 0.05519480513937831]",10,19
247,"[0.7261960961350191, 0.8344155842742709]",9,17
248,"[0.2901213029268531, 0.0790043289159456]",20,39
249,"[0.7315120789783918, 0.10497835503577924]",3,4
250,"[0.06245766712976007, 0.13744588757022344]",30,59
251,"[0.6243508959167349, 0.8127705625333757]",9,16
252,"[0.2787709611939881, 0.8474025974110863]",22,43
253,"[0.32552698014813286, 0.08982683970949462]",19,38
254,"[0.8132632745581171, 0.7510822511331839]",2,4
255,"[0.4984914102739809, 0.08225108212325087]",9,17
256,"[0.145666139862865, 0.11255411262202297]",27,52
257,"[0.5984483077112137, 0.7932900431357468]",9,17
258,"[0.0664805730609496, 0.06060606053615282]",30,60
259,"[0.37101044723665094, 0.9112554111545443]",22,44
260,"[0.24517148662586957, 0.10064935050304365]",23,46
261,"[0.2888487510466425, 0.07792207789810954]",20,39
262,"[0.7391884403090166, 0.10497835503577924]",4,6
263,"[0.17091192710360018, 0.990259740224287]",28,55
264,"[0.48991194762406737, 0.051948051932073025]",9,17
265,"[0.37285769996834117, 0.09523809526006626]",17,33
266,"[0.3824839391613512, 0.1255411254512441]",19,37
267,"[0.37220089900355524, 0.08874458869165856]",17,33
268,"[0.6654625315596979, 0.025974025966036512]",2,3
269,"[0.25407934977276003, 0.08116883110541483]",22,43
270,"[0.5954106032272031, 0.04220779231015718]",4,7
271,"[0.5197758666648603, 0.8625541124297765]",16,30
272,"[0.4430122534461148, 0.11580086582932826]",11,21
273,"[0.2188173477607042, 0.10064935050304365]",24,47
274,"[0.5356622401136446, 0.08225108212325087]",8,14
275,"[0.9649227232611132, 0.8831168828452415]",3,2
276,"[0.4345148909095075, 0.1168831168471643]",11,22
277,"[0.2765132078520147, 0.12878787881234652]",25,48
278,"[0.12191867983945456, 0.8647186147730429]",28,55
279,"[0.05716220931835993, 0.8647186147730429]",30,59
280,"[0.6539069395071074, 0.7932900431357468]",7,13
281,"[0.41569343815115917, 0.8214285714450497]",17,33
282,"[0.5305309825288571, 0.8603896102403074]",15,29
283,"[0.6331150838398174, 0.08333333344868118]",2,3
284,"[0.23302066870441082, 0.008658008604079795]",24,46
285,"[0.5763839001637132, 0.06277056272562205]",5,9
286,"[0.19254530900884506, 0.8311688309131684]",26,51
287,"[0.09283471194069891, 0.8896103894136491]",28,55
288,"[0.18361692082998207, 0.8311688309131684]",26,51
289,"[0.603086964557828, 0.0790043289159456]",4,7
290,"[0.3323412902088303, 0.0909090908811278]",19,34
291,"[0.6138010303578797, 0.034632034723913435]",3,6
292,"[0.6769565485163708, 0.0790043289159456]",2,4
293,"[0.547648857779323, 0.11255411262202297]",6,11
294,"[0.1484164939138439, 0.04545454567125959]",28,55
295,"[0.14913486997454745, 0.8733766233771227]",27,54
296,"[0.64871410685557, 0.7489177489437147]",7,14
297,"[0.0649617208262362, 0.09956709948520759]",30,60
298,"[0.08560990128430224, 0.8517316016362275]",30,59
299,"[0.6482215061319806, 0.7792207791348925]",7,14
300,"[0.0778719648577597, 0.8928571426209544]",29,57
301,"[0.2384187516756737, 0.12987012967638545]",26,51
302,"[0.4115679070601069, 0.0790043289159456]",14,27
303,"[0.5130641817640257, 0.764069263962405]",14,27
304,"[0.6078898216310548, 0.805194805100929]",9,17
305,"[0.3387040495952995, 0.8138528138588059]",20,39
306,"[0.6979536544742183, 0.8852813851885077]",9,17
307,"[0.582254058826593, 0.07251082250133503]",5,8
308,"[0.11539172021178891, 0.13528138522695707]",28,55
309,"[0.7127727263333498, 0.835497835445904]",9,18
310,"[0.16253771474424428, 0.04329004332799323]",27,54
311,"[0.8176556310356446, 0.7911255409462776]",2,2
312,"[0.29615566183092934, 0.08874458869165856]",20,39
313,"[0.4080376018525068, 0.08874458869165856]",15,29
314,"[0.6024917386743758, 0.816017315894478]",9,17
315,"[0.12836353933923003, 0.11580086582932826]",28,55
316,"[0.23934237802693492, 0.7976190475146853]",24,48
317,"[0.22544693253364867, 0.9686147184833919]",28,55
318,"[0.1581043082027716, 0.835497835445904]",26,51
319,"[0.2309065905862453, 0.12987012967638545]",22,43
320,"[0.29541676073825324, 0.7803030301527286]",22,44
321,"[0.5149114344957159, 0.08008658008757877]",9,17
322,"[0.34863816423872995, 0.08982683970949462]",19,36
323,"[0.17550953387168539, 0.8192640691017833]",26,51
324,"[0.6703269637288424, 0.057359307482644666]",2,2
325,"[0.6882042651039569, 0.773809523738118]",6,11
326,"[0.1617167135382619, 0.8506493503107972]",26,52
327,"[0.5885347180851719, 0.8928571426209544]",13,26
328,"[0.15939738511495477, 0.9945887444494284]",30,59
329,"[0.4426633279317493, 0.7499999998077536]",16,30
330,"[0.21187988752275538, 0.8062770561187651]",25,48
331,"[0.05281090290477746, 0.12229437224393883]",31,62
332,"[0.2440426099694668, 0.8549783548435328]",24,46
333,"[0.6607828246491385, 0.05844155850048072]",2,3
334,"[0.3066439523084508, 0.9361471859489476]",26,51
335,"[0.33944295067339164, 0.835497835445904]",20,39
336,"[0.6381437162647422, 0.05952380951831677]",2,3
337,"[0.5149730095916335, 0.06709956695076338]",8,14
338,"[0.3528047453937273, 0.08874458869165856]",18,34
339,"[0.2342726955526489, 0.8690476189981843]",24,46
340,"[0.30426304878922605, 0.09199134189896385]",20,39
341,"[0.06087723979912905, 0.8528138526540636]",30,59
342,"[0.3048993247220394, 0.7770562767916261]",22,43
343,"[0.5323987602925199, 0.8116883115155396]",13,26
344,"[0.5377763182172263, 0.7586580084118334]",12,23
345,"[0.49832721003278446, 0.050865800914236974]",9,17
346,"[0.6288869276034863, 0.8885281383958131]",12,22
347,"[0.46080745469333917, 0.06277056272562205]",11,21
348,"[0.6236735699199764, 0.7824675323421978]",8,14
349,"[0.44935448780061144, 0.06385281405105236]",11,21
350,"[0.4073397508237758, 0.7878787877389724]",19,36
351,"[0.27755998440969515, 0.001082251017836051]",21,42
352,"[0.4977319841493323, 0.06926406929402974]",9,17
353,"[0.7993883540968033, 0.7976190475146853]",2,3
354,"[0.18158494283970672, 0.8463203463932502]",26,51
355,"[0.3298577615443267, 0.1266233767766744]",22,42
356,"[0.41977791917826635, 0.8928571426209544]",20,39
357,"[0.39013977546000356, 0.1168831168471643]",14,26
358,"[0.9480100983157889, 0.8820346318274054]",3,5
359,"[0.42205619753762835, 0.08766233767382252]",14,26
360,"[0.5519796391755168, 0.08116883110541483]",7,14
361,"[0.31577759077787143, 0.07792207789810954]",19,37
362,"[0.3539746721140752, 0.1266233767766744]",20,40
363,"[0.2248927567141416, 0.10497835503577924]",23,45
364,"[0.670573264097929, 0.06709956695076338]",2,3
365,"[0.18665462531399274, 0.9361471859489476]",29,57
366,"[0.5404445721548989, 0.1168831168471643]",9,18
367,"[0.4952895055487738, 0.11363636363985903]",8,14
368,"[0.6019170378228962, 0.8906926404314852]",12,23
369,"[0.46969479279367315, 0.010822510793549026]",10,20
370,"[0.799963054948283, 0.7662337659980771]",2,3
371,"[0.7675950822110139, 0.7987012985325214]",3,6
372,"[0.17358018102668887, 0.8679653678265511]",26,51
373,"[0.3794872847412857, 0.03896103879525764]",16,32
374,"[0.38236078898409986, 0.8095238093260704]",19,37
375,"[0.17156872806838608, 0.08441558446651723]",26,52
376,"[0.2918659304986806, 0.12229437224393883]",20,39
377,"[0.04460089078661803, 0.123376623415572]",30,62
378,"[0.415796063296438, 0.8062770561187651]",17,34
379,"[0.21916627327506968, 0.08549783563815042]",24,47
380,"[0.6440549249769832, 0.08441558446651723]",2,4
381,"[0.7549927136153269, 0.10389610386414605]",8,4
382,"[0.7951601978604723, 0.7629870129445689]",3,4
383,"[0.28638574741411144, 0.001082251017836051]",20,39
384,"[0.19102645675954777, 0.1320346320196518]",24,47
385,"[0.25584450237656003, 0.08333333344868118]",23,44
386,"[0.6785369758470018, 0.05627705615721436]",2,2
387,"[0.5332608115624473, 0.7900432899284415]",11,22
388,"[0.587693191847217, 0.7489177489437147]",10,19
389,"[0.07553211141706394, 0.057359307482644666]",30,58
390,"[0.1390776051392817, 0.8722943720516924]",28,55
391,"[0.43139508631219053, 0.08982683970949462]",13,26
392,"[0.2109357361249377, 0.13095238100181575]",23,46
393,"[0.33082243795953303, 0.9253246751553986]",24,46
394,"[0.22491328174611414, 0.8538961039794939]",25,49
395,"[0.3572997270165337, 0.07575757586243743]",17,32
396,"[0.5887399683903135, 0.034632034723913435]",5,9
397,"[0.09804806962420885, 0.8852813851885077]",29,56
398,"[0.11865520001832978, 0.8452380950678199]",28,55
399,"[0.0740337841997392, 0.09848484846737154]",30,60
400,"[0.5827877096141275, 0.01948051939762882]",4,7
401,"[0.67913220171587, 0.8073593072903983]",5,10
402,"[0.8530202582075632, 0.7911255409462776]",2,2
403,"[0.2578764803668354, 0.7922077922717079]",24,47
404,"[0.19180640791616896, 0.11471861465769508]",26,51
405,"[0.45159171609602833, 0.11580086582932826]",10,20
406,"[0.86554052667536, 0.835497835445904]",4,7
407,"[0.23624309846159053, 0.8560606058613689]",24,48
408,"[0.38484431764860344, 0.03787878777742159]",16,31
409,"[0.4843086143622468, 0.8311688309131684]",14,27
410,"[0.35756655241759294, 0.09632034643169944]",18,34
411,"[0.7833377804214064, 0.8820346318274054]",6,11
412,"[0.3608710822880789, 0.08874458869165856]",18,32
413,"[0.15629810553502646, 0.029220779173341795]",26,51
414,"[0.48182508569774324, 0.8170995669123141]",15,28
415,"[0.21961782393471402, 0.826839826688027]",25,48
416,"[0.15250097494095105, 0.13419913420912102]",30,59
417,"[0.13575255023682317, 0.08549783563815042]",28,55
418,"[0.569466964957737, 0.11147186129659267]",4,8
419,"[0.3108105334488642, 0.8170995669123141]",22,42
420,"[0.6863570123722667, 0.83658008646374]",10,19
421,"[0.13595780054196474, 0.13744588757022344]",30,60
422,"[0.30290839679570913, 0.07792207789810954]",19,37
423,"[0.22665790931794164, 0.10064935050304365]",24,46
424,"[0.044149340126973705, 0.11363636363985903]",30,60
425,"[0.39931446399336934, 0.1168831168471643]",13,26
426,"[0.18817347756329003, 0.10497835503577924]",26,52
427,"[0.1572627819648167, 0.8712121210338564]",26,52
428,"[0.23014716446159664, 0.8008658007219905]",24,48
429,"[0.7460027503551302, 0.7575757573939973]",4,7
430,"[0.17015250097895152, 0.12121212122610277]",25,49
431,"[0.3486997393346476, 0.07792207789810954]",17,32
432,"[0.3655302641520818, 0.07575757586243743]",16,31
433,"[0.1108556885104535, 0.09415584424223021]",28,55
434,"[0.04148108618930109, 0.8950216449642208]",30,59
435,"[0.5995771843822004, 0.7467532466004483]",9,17
436,"[0.6397036185634007, 0.033549783552280256]",2,3
437,"[0.39945813920259327, 0.04004329012068795]",15,29
438,"[0.5132078569878334, 0.015151515172487487]",8,14
439,"[0.6230372939725791, 0.05952380951831677]",3,4
440,"[0.2689599967132251, 0.09523809526006626]",22,43
441,"[0.9161963013980268, 0.8809523808095693]",2,3
442,"[0.28367644342707765, 0.10389610386414605]",21,42
443,"[0.6610291250182252, 0.7489177489437147]",7,13
444,"[0.3133145871453404, 0.10064935050304365]",20,39
445,"[0.5153629851553602, 0.048701298570970615]",8,14
446,"[0.5806325814320168, 0.03571428574174949]",6,11
447,"[0.6006855360066307, 0.08008658008757877]",3,6
448,"[0.32228402537356454, 0.8387445884994121]",20,39
449,"[0.48391863878393626, 0.07575757586243743]",9,17
450,"[0.3152028899263918, 0.8203463201196194]",21,42
451,"[0.5623037293972579, 0.7943722941535829]",11,21
452,"[0.4747850003145156, 0.08766233767382252]",11,21
453,"[0.3760596046935483, 0.8290043287236992]",19,37
454,"[0.6221957677346241, 0.06060606053615282]",3,4
455,"[0.5232240717591541, 0.057359307482644666]",7,14
456,"[0.22072617557372815, 0.08225108212325087]",23,45
457,"[0.6173723856294249, 0.11147186129659267]",7,13
458,"[0.4526590176710974, 0.8344155842742709]",17,33
459,"[0.046961269259286335, 0.10173160182847395]",31,60
460,"[0.29699718806888425, 0.03787878777742159]",20,39
461,"[0.4361363683040836, 0.08982683970949462]",13,26
462,"[0.3945526569695037, 0.04004329012068795]",15,29
463,"[0.7827836046018994, 0.7608225107550998]",2,3
464,"[0.646107428013815, 0.057359307482644666]",2,4
465,"[0.6607828246491385, 0.050865800914236974]",2,2
466,"[0.19658873997200713, 0.03896103879525764]",26,51
467,"[0.6662014326377901, 0.08549783563815042]",2,3
468,"[0.4316003366027482, 0.061688311707786]",12,23
469,"[0.5008312637292606, 0.7987012985325214]",14,26
470,"[0.3567455511970266, 0.00216450234326636]",17,33
471,"[0.5462121056579159, 0.06493506506888841]",7,13
472,"[0.18763982677575552, 0.9826839826380432]",28,55
473,"[0.7074156934406158, 0.0790043289159456]",2,2
474,"[0.6963321770942261, 0.7662337659980771]",6,11
475,"[0.46341413353509414, 0.7489177489437147]",15,29
476,"[0.5598612507966995, 0.07575757586243743]",7,13
477,"[0.3808419367493865, 0.1168831168471643]",14,27
478,"[0.9383428090588337, 0.83658008646374]",2,4
479,"[0.6994930317554882, 0.835497835445904]",9,17
480,"[0.5268775271440056, 0.7965367964968493]",12,23
481,"[0.6167566347140001, 0.7932900431357468]",9,16
482,"[0.4681554155269872, 0.7976190475146853]",14,27
483,"[0.5445085281500335, 0.7965367964968493]",12,22
484,"[0.305474025573519, 0.12770562779451047]",23,45
485,"[0.49902506106151545, 0.8971861473074871]",17,33
486,"[0.5068245725693917, 0.049783549588806666]",9,17
487,"[0.5269596272718958, 0.825757575670191]",12,23
488,"[0.2159848935818351, 0.10606060605361528]",25,48
489,"[0.3234334270619399, 0.09199134189896385]",19,37
490,"[0.046140268067887874, 0.9047619045861366]",30,60
491,"[0.2859957718503848, 0.7824675323421978]",23,44
492,"[0.1504689969506757, 0.8831168828452415]",28,54
493,"[0.09215738592935654, 0.8744588742411616]",29,57
494,"[0.11140986432996057, 0.051948051932073025]",28,55
495,"[0.352681595201892, 0.03896103879525764]",17,33
496,"[0.061903491310252995, 0.8863636363601409]",30,59
497,"[0.5261386260513295, 0.1168831168471643]",10,19
498,"[0.10237885100581877, 0.1168831168471643]",28,55
499,"[0.6128979290240071, 0.743506493393143]",9,17
500,"[0.3831612651726936, 0.08874458869165856]",16,32
501,"[0.2053118778311446, 0.8614718612581433]",25,49
502,"[0.24699821432558727, 0.08333333344868118]",23,45
503,"[0.233800619861032, 0.10389610386414605]",23,45
504,"[0.5538063668606507, 0.06493506506888841]",6,11
505,"[0.7551569138565234, 0.7943722941535829]",4,7
506,"[0.5046694443872811, 0.11904761919043066]",11,21
507,"[0.1417869091263155, 0.8571428571867992]",28,55
508,"[0.8463906734200348, 0.7164502164092704]",2,2
509,"[0.48937829683653283, 0.06926406929402974]",9,17
510,"[0.6408735452837486, 0.06709956695076338]",2,3
511,"[0.2581227807359221, 0.03679653675958554]",23,45
512,"[0.22403070544421413, 0.010822510793549026]",24,47
513,"[0.40313211961941725, 0.0075757575862437435]",14,27
514,"[0.11104041378362253, 0.08874458869165856]",30,59
515,"[0.09390201350118405, 0.8463203463932502]",29,58
516,"[0.4699821432267049, 0.12121212122610277]",14,26
517,"[0.2553108515890255, 0.9556277053465765]",26,52
518,"[0.8292933232015414, 0.7911255409462776]",2,3
519,"[0.6828267071646665, 0.7976190475146853]",6,11
520,"[0.3756491040832652, 0.1255411254512441]",19,38
521,"[0.5751523983474477, 0.7521645021510199]",11,21
522,"[0.39904763859231007, 0.8073593072903983]",18,34
523,"[0.5404445721548989, 0.01623376619032354]",6,11
524,"[0.5010159890024296, 0.08441558446651723]",10,19
525,"[0.19402311117961335, 0.1320346320196518]",28,55
526,"[0.5893351942737657, 0.7932900431357468]",9,17
527,"[0.5291968555673128, 0.7467532466004483]",12,22
528,"[0.4326881632097898, 0.804112554083093]",17,34
529,"[0.17639211017358541, 0.9880952378810207]",30,59
530,"[0.7170214076016533, 0.804112554083093]",6,11
531,"[0.5073171732929812, 0.7932900431357468]",12,23
532,"[0.4722604215860669, 0.061688311707786]",10,19
533,"[0.32394655281750184, 0.7716450215486488]",20,39
534,"[0.42669485436965865, 0.07683982688027349]",12,23
535,"[0.29281008189649826, 0.9199134199124213]",26,51
536,"[0.5177644137065576, 0.7467532466004483]",12,23
537,"[0.7160156811225019, 0.7251082250133503]",5,9
538,"[0.1428336856839959, 0.9469696968962938]",30,60
539,"[0.5898277949973552, 0.11255411262202297]",4,6
540,"[0.22518010714717338, 0.11038961027875661]",24,47
541,"[0.1341515978742196, 0.12121212122610277]",28,55
542,"[0.6215389667698383, 0.11255411262202297]",2,3
543,"[0.5066193222642502, 0.7467532466004483]",13,26
544,"[0.6275733256739146, 0.06926406929402974]",3,6
545,"[0.1765152603654207, 0.11580086582932826]",26,51
546,"[0.6486114816957073, 0.050865800914236974]",2,2
547,"[0.3939163810221064, 0.08874458869165856]",15,29
548,"[0.15553867942496172, 0.04437229434582928]",28,54
549,"[0.3801030356567104, 0.7932900431357468]",20,38
550,"[0.5647462079978164, 0.03679653675958554]",6,11
551,"[0.38882617351584786, 0.8290043287236992]",19,38
552,"[0.8647605755187387, 0.7900432899284415]",2,2
553,"[0.1447425134970199, 0.13419913420912102]",26,51
554,"[0.15174154881630242, 0.8538961039794939]",28,54
555,"[0.6615627758057597, 0.10822510839688164]",5,8
556,"[0.8090966934177036, 0.8333333332564348]",6,11
557,"[0.06097986494440788, 0.12229437224393883]",30,59
558,"[0.4150571622037619, 0.08874458869165856]",14,27
559,"[0.37137989778298897, 0.1168831168471643]",15,29
560,"[0.8445023706389834, 0.7662337659980771]",2,2
561,"[0.26957574762864983, 0.09956709948520759]",22,43
562,"[0.4363826686585864, 0.123376623415572]",15,29
563,"[0.4508528150033522, 0.07792207789810954]",11,22
564,"[0.46604133740882164, 0.03896103879525764]",11,22
565,"[0.16643747049818242, 0.8225108224628858]",26,51
566,"[0.42973255885366934, 0.12445887443340806]",15,29
567,"[0.7016481599230149, 0.7716450215486488]",6,11
568,"[0.6002955604283201, 0.11147186129659267]",3,5
569,"[0.6895383920655013, 0.057359307482644666]",2,2
570,"[0.01479854682715882, 0.9155844153796856]",30,59
571,"[0.38759467169958234, 0.09415584424223021]",15,29
572,"[0.37415077688052434, 0.03896103879525764]",17,32
573,"[0.46320888324453646, 0.12229437224393883]",14,27
574,"[0.11968145152945374, 0.11580086582932826]",28,55
575,"[0.7934360953206173, 0.7922077922717079]",4,7
576,"[0.7642700272939714, 0.7673160173235074]",4,7
577,"[0.4923339011926533, 0.07683982688027349]",9,16
578,"[0.16108043760544855, 0.10822510839688164]",26,51
579,"[0.6114201268386549, 0.08116883110541483]",3,6
580,"[0.5642741323061995, 0.07467532484460139]",6,11
581,"[0.6799326779044638, 0.057359307482644666]",2,2
582,"[0.4193263685040381, 0.0075757575862437435]",13,26
583,"[0.572627819618999, 0.03571428574174949]",6,11
584,"[0.36475031301004446, 0.08874458869165856]",17,34
585,"[0.4580776256597489, 0.8019480517398266]",15,29
586,"[0.11900412553269528, 0.049783549588806666]",28,55
587,"[0.307567578659712, 0.10173160182847395]",20,39
588,"[0.4666160382603013, 0.8008658007219905]",15,29
589,"[0.20305412450375515, 0.10281385284631]",25,48
590,"[0.16590381971064788, 0.08874458869165856]",26,52
591,"[0.3937111307315488, 0.7900432899284415]",19,37
592,"[0.0966728925987194, 0.8495670994467583]",28,55
593,"[0.3903655507971177, 0.08874458869165856]",15,29
594,"[0.22975718889786995, 0.13095238100181575]",26,51
595,"[0.457420824694963, 0.08441558446651723]",12,22
596,"[0.24098438045348358, 0.12878787881234652]",22,43
597,"[0.31397138811012626, 0.8409090908426785]",21,41
598,"[0.5446316783272849, 0.7965367964968493]",11,22
599,"[0.368773218941234, 0.1255411254512441]",20,38
600,"[0.5988998583708581, 0.061688311707786]",4,6
601,"[0.7688676340766406, 0.8820346318274054]",7,13
602,"[0.5093696763152291, 0.07683982688027349]",8,14
603,"[0.2982286898851498, 0.8095238093260704]",23,44
604,"[0.6857823115207871, 0.027056276983872564]",2,2
605,"[0.3546930481747787, 0.8138528138588059]",20,39
606,"[0.5991666837719173, 0.7803030301527286]",9,17
607,"[0.15188522404011026, 0.8387445884994121]",28,55
608,"[0.3581617782864612, 0.9112554111545443]",23,44
609,"[0.6223394429438481, 0.034632034723913435]",2,4
610,"[0.6453274768571938, 0.02489177494820046]",2,3
611,"[0.13601937563788238, 0.13528138522695707]",27,52
612,"[0.6046058167925413, 0.02164502174089518]",4,7
613,"[0.5056751708664325, 0.8279220777058631]",14,26
614,"[0.9817327230465748, 0.8841991341706718]",2,3
615,"[0.4252581022628355, 0.04004329012068795]",14,26
616,"[0.36778801749405515, 0.09523809526006626]",17,34
617,"[0.27351655343194914, 0.816017315894478]",24,46
618,"[0.4045072966449067, 0.08874458869165856]",15,29
619,"[0.6484678064864833, 0.07792207789810954]",2,4
620,"[0.5189138153949329, 0.11796536786500036]",11,21
621,"[0.3562529504734372, 0.9145021643618496]",23,44
622,"[0.8357997577972345, 0.7662337659980771]",2,3
623,"[0.6632458282816696, 0.7932900431357468]",7,14
624,"[0.6703269637288424, 0.057359307482644666]",2,3
625,"[0.10334352743560898, 0.8463203463932502]",29,58
626,"[0.4564766732971453, 0.12229437224393883]",15,29
627,"[0.10065474846596383, 0.04761904770693169]",29,57
628,"[0.8055663882101035, 0.7911255409462776]",2,4
629,"[0.7260113708618501, 0.8841991341706718]",7,13
630,"[0.16885942406676835, 0.13311688303748784]",30,59
631,"[0.2602779089180327, 0.8225108224628858]",23,46
632,"[0.20309517456770024, 0.03896103879525764]",25,49
633,"[0.08950965702365647, 0.12878787881234652]",30,59
634,"[0.15428665257672367, 0.1093073594147177]",27,53
635,"[0.03019231953776981, 0.9101731601367082]",30,59
636,"[0.6334434843222104, 0.8419913418605146]",11,22
637,"[0.62615709858448, 0.0790043289159456]",4,7
638,"[0.8610250200059971, 0.8030303030652569]",2,2
639,"[0.5478335830524921, 0.08225108212325087]",7,13
640,"[0.08538412594718812, 0.8538961039794939]",30,59
641,"[0.11896307546875018, 0.08766233767382252]",29,57
642,"[0.5284169044106916, 0.8961038959820569]",15,29
643,"[0.45331581863588327, 0.08441558446651723]",12,23
644,"[0.1361630508471063, 0.03571428574174949]",28,55
645,"[0.6350033866208689, 0.7813852813243617]",7,13
646,"[0.05104575030097741, 0.06709956695076338]",30,59
647,"[0.1814002175665377, 0.10606060605361528]",25,49
648,"[0.37242667432608545, 0.7608225107550998]",19,37
649,"[0.21095626117149416, 0.10173160182847395]",25,49
650,"[0.022433858093838625, 0.9134199133440135]",30,59
651,"[0.6053652429171901, 0.034632034723913435]",4,7
652,"[0.6883479403131808, 0.10606060605361528]",3,5
653,"[0.769688635282623, 0.7196969696165757]",2,3
654,"[0.36655651567778963, 0.8311688309131684]",19,38
655,"[0.3468730116349299, 0.09740259744953549]",19,37
656,"[0.4735945485476113, 0.08333333344868118]",11,21
657,"[0.15677018124122724, 0.08982683970949462]",26,51
658,"[0.419654768986431, 0.804112554083093]",17,33
659,"[0.7470290018662541, 0.10389610386414605]",2,3
660,"[0.16549331910036474, 0.9935064934315923]",30,58
661,"[0.5627347550395136, 0.754329004186692]",11,21
662,"[0.12748096303733, 0.13528138522695707]",28,54
663,"[0.3119599351372396, 0.07575757586243743]",19,37
664,"[0.34475893351676434, 0.7997835497041546]",20,39
665,"[0.1806613164738616, 0.11038961027875661]",25,49
666,"[0.2631308881142905, 0.9523809521392712]",26,52
667,"[0.8941113688185537, 0.835497835445904]",3,6
668,"[0.3144024137377981, 0.774891774755954]",22,42
669,"[0.24763449025840062, 0.9588744587076788]",26,51
670,"[0.8017282075520831, 0.7976190475146853]",3,4
671,"[0.45898072699362147, 0.07575757586243743]",11,21
672,"[0.30602820139302606, 0.9177489175691549]",26,51
673,"[0.29890601588190824, 0.938311688292214]",25,49
674,"[0.407421850951666, 0.8073593072903983]",19,34
675,"[0.2699862482243491, 0.8484848484289222]",23,45
676,"[0.23813140124264195, 0.08333333344868118]",23,44
677,"[0.573181995438506, 0.07359307351917108]",6,10
678,"[0.4540547197285594, 0.08874458869165856]",12,22
679,"[0.7833993555173241, 0.7164502164092704]",3,6
680,"[0.6549126659862587, 0.10822510839688164]",6,11
681,"[0.55848607377121, 0.11255411262202297]",5,9
682,"[0.28761724923037696, 0.8452380950678199]",22,43
683,"[0.7857802590219649, 0.753246753168856]",3,4
684,"[0.6510129102469046, 0.7359307358068993]",7,14
685,"[0.24196958190066245, 0.006493506260813435]",23,45
686,"[0.2485786416562183, 0.7943722941535829]",24,48
687,"[0.45378789434208405, 0.04004329012068795]",12,22
688,"[0.18954865458877948, 0.8636363634476126]",26,51
689,"[0.7208390632422852, 0.761904761926733]",5,9
690,"[0.5782311528954034, 0.7900432899284415]",9,17
691,"[0.32515752960179484, 0.08116883110541483]",19,34
692,"[0.32142197410363704, 0.805194805100929]",22,42
693,"[0.32086779828413, 0.0]",19,37
694,"[0.8236899899397209, 0.7662337659980771]",2,2
695,"[0.8124833234160798, 0.8841991341706718]",6,11
696,"[0.03339422426297695, 0.9145021643618496]",30,58
697,"[0.16251718971227172, 0.1168831168471643]",28,54
698,"[0.5561667453479029, 0.08116883110541483]",7,13
699,"[0.6604954742306907, 0.8387445884994121]",11,20
700,"[0.055479156827866166, 0.13744588757022344]",30,59
701,"[0.2843332443918635, 0.8192640691017833]",23,45
702,"[0.39213070340091777, 0.7575757573939973]",18,34
703,"[0.3754849038420687, 0.004329004378938461]",15,29
704,"[0.5794626547116689, 0.11255411262202297]",4,7
705,"[0.25553662691155576, 0.09740259744953549]",22,43
706,"[0.11877835019558117, 0.8906926404314852]",28,55
707,"[0.22924406314230797, 0.08441558446651723]",24,47
708,"[0.4627368075383357, 0.7987012985325214]",14,27
709,"[0.38860039819331765, 0.06926406929402974]",15,29
710,"[0.3391761252869164, 0.9220779219480933]",24,46
711,"[0.6086902978196486, 0.0790043289159456]",4,7
712,"[0.36922476960087836, 0.0703463203118658]",15,29
713,"[0.5827671845821549, 0.0790043289159456]",6,11
714,"[0.29137332977509117, 0.9415584413457222]",25,49
715,"[0.11990722686656785, 0.09415584424223021]",28,55
716,"[0.386958395766769, 0.8095238093260704]",19,37
717,"[0.09443566428871857, 0.13636363624479314]",28,55
718,"[0.7401941667881681, 0.8831168828452415]",8,14
719,"[0.03637035365106997, 0.12445887443340806]",31,62
720,"[0.18507419798336172, 0.1320346320196518]",28,55
721,"[0.41856694239397335, 0.08766233767382252]",14,27
722,"[0.5136799326794503, 0.8961038959820569]",16,31
723,"[0.4073808008877209, 0.8073593072903983]",17,33
724,"[0.5281911290881613, 0.07792207789810954]",7,13
725,"[0.3955583834486551, 0.825757575670191]",19,34
726,"[0.8305042999858344, 0.7164502164092704]",2,3
727,"[0.5382278688914546, 0.07792207789810954]",7,13
728,"[0.2464850885700253, 0.03571428574174949]",23,45
729,"[0.3412081032771917, 0.08874458869165856]",17,34
730,"[0.8415057162189178, 0.7499999998077536]",2,2
731,"[0.3059666262971084, 0.08549783563815042]",19,38
732,"[0.5356622401136446, 0.7965367964968493]",12,22
733,"[0.5548736684357197, 0.11580086582932826]",9,17
734,"[0.21054576056121102, 0.8279220777058631]",25,49
735,"[0.28076188912031835, 0.03679653675958554]",22,42
736,"[0.1769873360570376, 0.1320346320196518]",29,57
737,"[0.47763797951077336, 0.11471861465769508]",9,16
738,"[0.6915908951023331, 0.7943722941535829]",6,11
739,"[0.5309414831391402, 0.06601731608672447]",7,14
740,"[0.9234211120398396, 0.83658008646374]",3,6
741,"[0.6432133987390283, 0.11255411262202297]",2,3
742,"[0.5755013238618132, 0.7467532466004483]",10,20
743,"[0.6254181974918038, 0.02380952393036441]",3,4
744,"[0.5919829231794658, 0.8484848484289222]",12,26
745,"[0.30379097309760916, 0.0]",20,39
746,"[0.5025143162051705, 0.08116883110541483]",9,17
747,"[0.23082449047293901, 0.08441558446651723]",23,45
748,"[0.5317009092637889, 0.08333333344868118]",8,14
749,"[0.28488742021137065, 0.8430735930321478]",23,44
750,"[0.5509123376004478, 0.01839826837979277]",6,11
751,"[0.060569364348708646, 0.14935064938160852]",30,59
752,"[0.44705568440927684, 0.816017315894478]",15,29
753,"[0.31370456270906705, 0.12770562779451047]",22,44
754,"[0.4427864781090007, 0.07792207789810954]",12,22
755,"[0.6328277334213696, 0.8030303030652569]",9,17
756,"[0.38375649104156184, 0.9090909091188722]",22,42
757,"[0.7151331048206019, 0.7705627705308127]",4,8
758,"[0.6327045832441182, 0.041125541138524]",3,4
759,"[0.6232835943416658, 0.041125541138524]",2,4
760,"[0.5807762566412408, 0.8192640691017833]",11,20
761,"[0.12916401551323986, 0.09199134189896385]",28,55
762,"[0.4837339135107672, 0.7987012985325214]",15,29
763,"[0.5953285031138968, 0.8062770561187651]",10,20
764,"[0.5914903224558763, 0.07251082250133503]",4,7
765,"[0.8196876090405039, 0.7987012985325214]",2,2
766,"[0.33232076517685777, 0.11904761919043066]",17,34
767,"[0.40834547731751114, 0.1168831168471643]",12,23
768,"[0.278545185856874, 0.09740259744953549]",21,40
769,"[0.47031054370909786, 0.08333333344868118]",11,21
770,"[0.06939512736770888, 0.8961038959820569]",30,58
771,"[0.43584901787105185, 0.008658008604079795]",12,22
772,"[0.3217914246499751, 0.1266233767766744]",22,43
773,"[0.4366905441235907, 0.8030303030652569]",15,29
774,"[0.3017179450288048, 0.10173160182847395]",20,39
775,"[0.35645820077857876, 0.7965367964968493]",20,39
776,"[0.47400504915789443, 0.7478354976182844]",15,29
777,"[0.2443915354838323, 0.8246753246523549]",24,48
778,"[0.27595903204709155, 0.8614718612581433]",23,45
779,"[0.4015311672568137, 0.09415584424223021]",15,29
780,"[0.4523921922846221, 0.8008658007219905]",15,28
781,"[0.6571088442323145, 0.8095238093260704]",7,13
782,"[0.15436875269002995, 0.11255411262202297]",26,51
783,"[0.2598058332118319, 0.003246753361102411]",22,44
784,"[0.4688943166196633, 0.11471861465769508]",9,17
785,"[0.633320334144959, 0.1093073594147177]",6,11
786,"[0.5225467457623957, 0.8008658007219905]",12,22
787,"[0.5766917756141335, 0.11363636363985903]",9,17
788,"[0.40612877403948283, 0.0930735929167999]",15,29
789,"[0.39701566060203475, 0.09415584424223021]",15,29
790,"[0.6143962562267479, 0.0790043289159456]",4,6
791,"[0.5648488331576792, 0.08116883110541483]",6,11
792,"[0.2094989840181145, 0.03787878777742159]",25,49
793,"[0.5669834362932333, 0.7922077922717079]",10,20
794,"[0.695039100182043, 0.08008658008757877]",2,2
795,"[0.5483877588719991, 0.8225108224628858]",11,21
796,"[0.7789659489758515, 0.7976190475146853]",3,6
797,"[0.6830114324378356, 0.06601731608672447]",2,2
798,"[0.43082038546071094, 0.03787878777742159]",13,26
799,"[0.34576466001049966, 0.814935064876642]",20,39
800,"[0.36766486730221987, 0.07792207789810954]",15,30
801,"[0.19494673754545847, 0.10497835503577924]",25,49
802,"[0.7165903819739816, 0.10497835503577924]",4,6
803,"[0.8076188912323514, 0.764069263962405]",2,3
804,"[0.3359742205617092, 0.09848484846737154]",19,37
805,"[0.054309230107518286, 0.9015151512250342]",30,58
806,"[0.6202253648256826, 0.0790043289159456]",4,6
807,"[0.228730937386746, 0.08116883110541483]",22,44
808,"[0.7043985139885777, 0.805194805100929]",6,11
809,"[0.018575152403845583, 0.9166666665513188]",30,60
810,"[0.1707887769117649, 0.93939393931005]",29,58
811,"[0.1718766035188065, 0.11038961027875661]",26,51
812,"[0.2649781408459807, 0.10606060605361528]",22,44
813,"[0.6767512982112291, 0.06601731608672447]",2,4
814,"[0.5385973194377925, 0.06601731608672447]",7,13
815,"[0.5414708236660228, 0.8571428571867992]",15,28
816,"[0.3490486648490131, 0.07575757586243743]",17,34
817,"[0.8244699410963421, 0.7965367964968493]",2,4
818,"[0.42745428049430734, 0.0909090908811278]",14,26
819,"[0.8479095256693321, 0.7662337659980771]",2,3
820,"[0.7011966092633706, 0.0790043289159456]",2,2
821,"[0.7590771946424341, 0.7564935063761613]",3,6
822,"[0.11972250159339883, 0.123376623415572]",28,55
823,"[0.24777816546762454, 0.8203463201196194]",24,48
824,"[0.2531762484388874, 0.08008658008757877]",23,45
825,"[0.8130990743169206, 0.7965367964968493]",2,6
826,"[0.6146836066597797, 0.0703463203118658]",4,7
827,"[0.2862420722048875, 0.03787878777742159]",21,42
828,"[0.17503745818006852, 0.08874458869165856]",26,51
829,"[0.1673816218960001, 0.0909090908811278]",26,52
830,"[0.6255618727010278, 0.7402597403396348]",9,17
831,"[0.449744463378922, 0.12229437224393883]",15,29
832,"[0.8372570349506142, 0.8344155842742709]",6,11
833,"[0.41866956753925216, 0.07683982688027349]",13,26
834,"[0.11243611584108452, 0.12445887443340806]",29,57
835,"[0.3459493852836687, 0.1266233767766744]",20,40
836,"[0.17475010776162067, 0.8322510822385987]",26,52
837,"[0.044149340126973705, 0.9112554111545443]",30,59
838,"[0.14476303852899242, 0.08549783563815042]",27,54
839,"[0.026374663911721864, 0.877705627602264]",30,60
840,"[0.06555694669510446, 0.9047619045861366]",30,59
841,"[0.5569466964899401, 0.03679653675958554]",6,11
842,"[0.2113667617671934, 0.9740259738801663]",28,55
843,"[0.39001662526816827, 0.07575757586243743]",15,29
844,"[0.2606063094004257, 0.10064935050304365]",22,43
845,"[0.24987171856840146, 0.09740259744953549]",23,45
846,"[0.21801687157211044, 0.9307359307059703]",28,55
847,"[0.3923359536914754, 0.09415584424223021]",15,29
848,"[0.49065084871674347, 0.12012987020826672]",12,22
849,"[0.4709262946099387, 0.08766233767382252]",11,22
850,"[0.3399766014609262, 0.08982683970949462]",19,37
851,"[0.4421502021761873, 0.83658008646374]",16,32
852,"[0.25859485642753893, 0.10606060605361528]",23,44
853,"[0.4549783460944045, 0.07467532484460139]",11,22
854,"[0.5502350115891055, 0.7564935063761613]",12,22
855,"[0.08634880236239442, 0.13744588757022344]",28,55
856,"[0.6353523121498182, 0.02380952393036441]",2,4
857,"[0.7761745448609274, 0.7662337659980771]",4,6
858,"[0.6374458652360112, 0.0790043289159456]",3,6
859,"[0.5253997249586534, 0.761904761926733]",13,25
860,"[0.44834876132146, 0.05952380951831677]",11,22
861,"[0.07458796001924627, 0.8538961039794939]",29,57
862,"[0.48919357156336385, 0.0703463203118658]",9,17
863,"[0.7690318343178371, 0.7922077922717079]",4,6
864,"[0.34379425710155803, 0.07792207789810954]",17,34
865,"[0.09786334435103983, 0.12770562779451047]",29,58
866,"[0.36269780997321266, 0.7629870129445689]",20,39
867,"[0.6115227519985177, 0.7781385281170564]",9,17
868,"[0.25262207261938036, 0.8528138526540636]",23,45
869,"[0.0009852014471788536, 0.9253246751553986]",30,60
870,"[0.5936249255914305, 0.020562770723059128]",4,7
871,"[0.5771228012563893, 0.04329004332799323]",4,7
872,"[0.3227150510012363, 0.03787878777742159]",20,39
873,"[0.28402536894144315, 0.9448051945530275]",25,49
874,"[0.7523449847096269, 0.7673160173235074]",4,7
875,"[0.1967118901492585, 0.8290043287236992]",26,54
876,"[0.3151618398624467, 0.0909090908811278]",20,39
877,"[0.5499066111067125, 0.05519480513937831]",6,11
878,"[0.43767574557076955, 0.07683982688027349]",12,23
879,"[0.702202335742522, 0.06385281405105236]",2,2
880,"[0.4723835717633183, 0.03896103879525764]",11,20
881,"[0.3738223763835475, 0.9090909091188722]",22,43
882,"[0.5687075388476722, 0.07467532484460139]",6,11
883,"[0.39732353605245513, 0.8409090908426785]",19,37
884,"[0.6204716651947693, 0.8030303030652569]",9,17
885,"[0.1407401325978029, 0.8409090908426785]",28,55
886,"[0.09927957144047438, 0.11580086582932826]",29,57
887,"[0.1991954188137621, 0.978354978412902]",28,55
888,"[0.4496007881551142, 0.8019480517398266]",15,29
889,"[0.4982656349368668, 0.06926406929402974]",9,17
890,"[0.5621190041240889, 0.11471861465769508]",9,17
891,"[0.7022844358704122, 0.10497835503577924]",4,6
892,"[0.4968288828300436, 0.06060606053615282]",9,17
893,"[0.5581987233381782, 0.8939393936387905]",14,28
894,"[0.2965661624412125, 0.09523809526006626]",20,39
895,"[0.2221834527271078, 0.8246753246523549]",25,49
896,"[0.6137805053259071, 0.06060606053615282]",3,6
897,"[0.6726257671201769, 0.7694805192053824]",7,14
898,"[0.707641468763146, 0.7965367964968493]",6,11
899,"[0.19406416124355844, 0.08766233767382252]",25,48
900,"[0.18041501611935884, 0.08333333344868118]",25,49
901,"[0.5699390406639377, 0.8203463201196194]",11,21
902,"[0.11844994971318822, 0.8787878786201001]",28,55
903,"[0.3127398862938608, 0.03787878777742159]",20,39
904,"[0.8198723343136729, 0.765151514980241]",2,4
905,"[0.2810697645853227, 0.09415584424223021]",21,42
906,"[0.39169967775866205, 0.9036796535683006]",21,42
907,"[0.6654009564637803, 0.0790043289159456]",2,4
908,"[0.5007902136653155, 0.7662337659980771]",14,27
909,"[0.5405471973001778, 0.7467532466004483]",12,22
910,"[0.5970320806217793, 0.034632034723913435]",4,7
911,"[0.0670963239763743, 0.10822510839688164]",30,59
912,"[0.3573407770804788, 0.8322510822385987]",19,37
913,"[0.6429260483205804, 0.07792207789810954]",3,5
914,"[0.4411239506650633, 0.8030303030652569]",16,32
915,"[0.14129430841730997, 0.12012987020826672]",28,55
916,"[0.10441082901067804, 0.13744588757022344]",28,55
917,"[0.5221978202480302, 0.015151515172487487]",7,14
918,"[0.10404137846433999, 0.051948051932073025]",30,59
919,"[0.2119004125547279, 0.8549783548435328]",25,49
920,"[0.342213829770927, 0.11904761919043066]",16,32
921,"[0.7011145091500643, 0.7943722941535829]",6,11
922,"[0.6837092834665666, 0.8852813851885077]",9,17
923,"[0.3407565526175474, 0.07683982688027349]",18,34
924,"[0.6477699554577523, 0.8398268395172482]",11,20
925,"[0.4768785534007086, 0.08333333344868118]",11,20
926,"[0.2762874325294845, 0.8203463201196194]",23,45
927,"[0.7777960222409197, 0.7954545454790132]",3,5
928,"[0.40208534307632077, 0.7564935063761613]",18,34
929,"[0.6610496500501978, 0.04004329012068795]",2,2
930,"[0.2910244042607257, 0.12770562779451047]",24,46
931,"[0.0937583382919601, 0.11796536786500036]",28,55
932,"[0.4420475770163246, 0.03896103879525764]",12,23
933,"[0.6239814453703968, 0.7770562767916261]",8,15
934,"[0.7704891114712167, 0.7597402597372637]",3,6
935,"[0.2944726093550195, 0.0790043289159456]",20,38
936,"[0.1483754438498988, 0.11904761919043066]",28,55
937,"[0.6584634962258314, 0.06709956695076338]",2,4
938,"[0.38162188789142376, 0.08441558446651723]",15,29
939,"[0.381888713292483, 0.07575757586243743]",15,29
940,"[0.1383797541105507, 0.0909090908811278]",28,54
941,"[0.2730034276763872, 0.8441558440499838]",23,44
942,"[0.3156339155686475, 0.08333333344868118]",19,37
943,"[0.5069887728105882, 0.814935064876642]",14,26
944,"[0.12491533425952014, 0.8798701296379362]",28,54
945,"[0.8358408078611796, 0.7954545454790132]",2,3
946,"[0.4885778206479391, 0.7694805192053824]",15,28
947,"[0.33790357340670574, 0.1266233767766744]",21,42
948,"[0.22099300096020347, 0.13095238100181575]",27,52
949,"[0.5008312637292606, 0.07683982688027349]",9,17
950,"[0.1536503766293264, 0.13419913420912102]",26,51
951,"[0.3122678106022439, 0.12121212122610277]",19,37
952,"[0.34670881139373344, 0.8344155842742709]",20,39
953,"[0.3513679932723202, 0.08874458869165856]",17,34
954,"[0.04228156236331092, 0.123376623415572]",30,60
955,"[0.4737176987394466, 0.7976190475146853]",14,27
956,"[0.856612138496497, 0.8809523808095693]",4,7
957,"[0.23882925227137294, 0.1093073594147177]",24,46
958,"[0.6091828985432379, 0.11147186129659267]",7,13
959,"[0.4782947804901432, 0.8744588742411616]",17,34
960,"[0.47145994539747316, 0.07142857132970185]",10,20
961,"[0.05079944993189074, 0.12229437224393883]",30,59
962,"[0.4823792615026664, 0.08658008665598646]",11,21
963,"[0.6194043636197002, 0.8441558440499838]",12,23
964,"[0.44518790664561403, 0.08549783563815042]",12,23
965,"[0.20736438086797643, 0.08766233767382252]",24,48
966,"[0.4450647564683627, 0.08982683970949462]",12,23
967,"[0.7110075737295497, 0.7932900431357468]",6,10
968,"[0.4867305679308328, 0.08333333344868118]",10,20
969,"[0.5837729110613064, 0.06277056272562205]",5,9
970,"[0.08563042630169088, 0.8474025974110863]",30,59
971,"[0.20276677408530727, 0.8095238093260704]",25,49
972,"[0.4604995792429188, 0.08441558446651723]",12,22
973,"[0.21210566285986948, 0.13095238100181575]",26,52
974,"[0.5591428747359959, 0.8214285714450497]",11,21
975,"[0.06910777693467711, 0.8506493503107972]",30,59
976,"[0.24463783583833507, 0.866883116808715]",24,47
977,"[0.051723076297735864, 0.8906926404314852]",30,58
978,"[0.17197922867866922, 0.13311688303748784]",25,49
979,"[0.3335317419611507, 0.7694805192053824]",21,42
980,"[0.4768785534007086, 0.12121212122610277]",13,26
981,"[0.6421050471000141, 0.04004329012068795]",2,4
982,"[0.09759651896456452, 0.8961038959820569]",28,55
983,"[0.654112189812249, 0.057359307482644666]",2,3
984,"[0.4906713737341321, 0.08333333344868118]",10,19
985,"[0.6680281603375078, 0.8084415583082343]",7,13
986,"[0.4529668931215178, 0.7499999998077536]",15,30
987,"[0.2627819625999249, 0.09523809526006626]",23,44
988,"[0.5048541696604502, 0.08441558446651723]",9,17
989,"[0.10211202561934346, 0.8712121210338564]",28,55
990,"[0.3463804109113405, 0.07251082250133503]",17,34
991,"[0.2219371523580211, 0.03679653675958554]",25,49
992,"[0.09026908314830512, 0.10281385284631]",28,55
993,"[0.48533486587337077, 0.7954545454790132]",13,26
994,"[0.5416760739711645, 0.03679653675958554]",7,13
995,"[0.08109439461493939, 0.13095238100181575]",30,59
996,"[0.5862153896618648, 0.06277056272562205]",5,8
997,"[0.4298557090309207, 0.07359307351917108]",12,23
998,"[0.17171240327761, 0.8474025974110863]",27,52
999,"[0.32952936106193376, 0.07792207789810954]",18,36
1000,"[0.3234539520939124, 0.07467532484460139]",19,37
1001,"[0.4139077605153866, 0.07359307351917108]",13,26
1002,"[0.7098581720411743, 0.753246753168856]",6,11
1003,"[0.48471911495794606, 0.7478354976182844]",14,27
1004,"[0.36329303585666484, 0.8127705625333757]",20,38
1005,"[0.3854395435174717, 0.8430735930321478]",19,37
1006,"[0.6002750354109314, 0.7456709955826123]",9,17
1007,"[0.24494571130333936, 0.08008658008757877]",23,45
1008,"[0.2860983969956636, 0.0790043289159456]",20,39
1009,"[0.10769483384919146, 0.8474025974110863]",29,57
1010,"[0.24051230476186672, 0.03571428574174949]",24,47
1011,"[0.40953592906983155, 0.04004329012068795]",15,29
1012,"[0.03809445619092492, 0.9069264067756059]",30,59
1013,"[0.5895404445789072, 0.7878787877389724]",9,17
1014,"[0.3715235729922129, 0.8116883115155396]",19,37
1015,"[0.5827466595501823, 0.8073593072903983]",10,20
1016,"[0.14063750743794018, 0.11038961027875661]",28,54
1017,"[0.07641468771896397, 0.8571428571867992]",29,58
1018,"[0.3243160033638399, 0.07792207789810954]",19,37
1019,"[0.12764516327852649, 0.13852813858805949]",30,60
1020,"[0.32587590566249836, 0.8192640691017833]",21,42
1021,"[0.2238870302349902, 0.8701298700160203]",25,48
1022,"[0.14244371010568532, 0.83658008646374]",28,55
1023,"[0.10822848463672598, 0.8820346318274054]",28,55
1024,"[0.5239834978692188, 0.04761904770693169]",7,13
1025,"[0.30231317091225696, 0.03787878777742159]",20,39
1026,"[0.6410582705569177, 0.10822510839688164]",6,11
1027,"[0.5862359146938374, 0.04220779231015718]",4,7
1028,"[0.6977073541197156, 0.7521645021510199]",7,13
1029,"[0.4217483220872079, 0.9058441557577698]",20,39
1030,"[0.6259928983432835, 0.7932900431357468]",8,14
1031,"[0.21282403892057303, 0.08225108212325087]",24,46
1032,"[0.20709755546691722, 0.10606060605361528]",24,47
1033,"[0.18142074259851027, 0.1320346320196518]",24,47
1034,"[0.6467026538826832, 0.06709956695076338]",2,3
1035,"[0.08698507829520778, 0.898268398171526]",30,58
1036,"[0.3578128527720957, 0.07142857132970185]",16,31
1037,"[0.7664251554760821, 0.7954545454790132]",4,6
1038,"[0.26826214568449414, 0.8214285714450497]",23,46
1039,"[0.6301389544517244, 0.05952380951831677]",3,4
1040,"[0.6711479649494086, 0.0790043289159456]",2,3
1041,"[0.14619979065039954, 0.032467532534444205]",27,54
1042,"[0.16785369758761695, 0.1071428573790456]",26,51
1043,"[0.8714312103556284, 0.8809523808095693]",4,7
1044,"[0.1329611461218992, 0.877705627602264]",28,55
1045,"[0.2712177500406146, 0.10497835503577924]",22,43
1046,"[0.12696783728176803, 0.12229437224393883]",28,55
1047,"[0.5043205188729156, 0.014069264154651435]",9,16
1048,"[0.43999507399407667, 0.06060606053615282]",12,22
1049,"[0.7200180620217189, 0.7954545454790132]",6,11
1050,"[0.29824921491712236, 0.12770562779451047]",23,45
1051,"[0.2320559922892045, 0.1093073594147177]",24,47
1052,"[0.417232815432429, 0.1168831168471643]",12,23
1053,"[0.34239855504409605, 0.03896103879525764]",19,34
1054,"[0.392028078241055, 0.06926406929402974]",14,27
1055,"[0.27727263397666335, 0.0790043289159456]",22,43
1056,"[0.8472116746406011, 0.7954545454790132]",2,3
1057,"[0.14829334373659253, 0.8290043287236992]",27,54
1058,"[0.3626157098599064, 0.09523809526006626]",17,34
1059,"[0.10311775209849487, 0.08874458869165856]",30,59
1060,"[0.42189199729643184, 0.07359307351917108]",12,23
1061,"[0.16266086492149565, 0.08441558446651723]",27,53
1062,"[0.34313745613677216, 0.7662337659980771]",20,39
1063,"[0.2696988978059012, 0.03571428574174949]",22,43
1064,"[0.4598633032955215, 0.03896103879525764]",11,22
1065,"[0.059112087195329004, 0.06277056272562205]",30,62
1066,"[0.3472629872132405, 0.001082251017836051]",17,34
1067,"[0.5181338642528955, 0.7976190475146853]",13,26
1068,"[0.8418546417332833, 0.8820346318274054]",5,8
1069,"[0.6816157303803736, 0.10606060605361528]",4,7
1070,"[0.6644773300979351, 0.06709956695076338]",2,4
1071,"[0.397426161197734, 0.08874458869165856]",15,29
1072,"[0.4121015578476414, 0.754329004186692]",17,34
1073,"[0.5776975021078689, 0.07359307351917108]",6,11
1074,"[0.8863118573106774, 0.8798701296379362]",3,6
1075,"[0.4347406662466216, 0.07683982688027349]",12,22
1076,"[0.2826091418520086, 0.825757575670191]",23,45
1077,"[0.5557767697695922, 0.7943722941535829]",11,21
1078,"[0.15695490651439628, 0.9437229435351914]",30,59
1079,"[0.4106648057262343, 0.07683982688027349]",14,26
1080,"[0.1191478007419192, 0.13528138522695707]",28,55
1081,"[0.22033619999541756, 0.08441558446651723]",24,47
1082,"[0.44059029987752885, 0.08982683970949462]",12,24
1083,"[0.21832474703711474, 0.9707792208266582]",28,55
1084,"[0.1834937706527307, 0.11471861465769508]",26,52
1085,"[0.42930153322599757, 0.8896103894136491]",20,39
1086,"[0.22858726216293818, 0.8571428571867992]",24,47
1087,"[0.3204162476099017, 0.0909090908811278]",20,38
1088,"[0.5747829478011096, 0.7835497836676281]",10,20
1089,"[0.08517887564204656, 0.11904761919043066]",29,57
1090,"[0.20151474723706922, 0.8290043287236992]",26,52
1091,"[0.6134315798115416, 0.814935064876642]",9,17
1092,"[0.46310625808467376, 0.08874458869165856]",12,22
1093,"[0.8587262166146625, 0.7943722941535829]",2,2
1094,"[0.3661460150675065, 0.003246753361102411]",17,32
1095,"[0.4055540731880032, 0.8235930734807217]",17,34
1096,"[0.11769052360312347, 0.04220779231015718]",28,55
1097,"[0.5239834978692188, 0.0790043289159456]",9,16
1098,"[0.47825373042619806, 0.012987013136815386]",9,17
1099,"[0.655364216660487, 0.02489177494820046]",2,3
1100,"[0.324870179183347, 0.09956709948520759]",20,39
1101,"[0.40965907924708295, 0.1266233767766744]",17,34
1102,"[0.38679419552557254, 0.08874458869165856]",16,31
1103,"[0.33837564909832263, 0.8538961039794939]",20,39
1104,"[0.42119414626770085, 0.8398268395172482]",17,33
1105,"[0.028057716387631715, 0.15692640696785226]",30,60
1106,"[0.24092280535756594, 0.8333333332564348]",24,47
1107,"[0.23443689579384538, 0.03571428574174949]",25,48
1108,"[0.5605385767934579, 0.08116883110541483]",6,10
1109,"[0.4371010447192899, 0.08658008665598646]",12,26
1110,"[0.6108659510337318, 0.11255411262202297]",3,6
1111,"[0.4593912276039046, 0.9015151512250342]",20,39
1112,"[0.2686931713267498, 0.00216450234326636]",22,42
1113,"[0.5437285769934124, 0.08225108212325087]",7,14
1114,"[0.5525543400124125, 0.8560606058613689]",14,28
1115,"[0.22086985078295207, 0.12987012967638545]",23,46
1116,"[0.21820159684527946, 0.11147186129659267]",25,48
1117,"[0.3044272490304225, 0.8214285714450497]",22,43
1118,"[0.28377906857235646, 0.12770562779451047]",24,47
1119,"[0.371564623056158, 0.08549783563815042]",16,30
1120,"[0.606576219701483, 0.061688311707786]",4,6
1121,"[0.12003037704381923, 0.11363636363985903]",28,55
1122,"[0.4485540116120177, 0.7781385281170564]",17,33
1123,"[0.3198620718049786, 0.07792207789810954]",19,37
1124,"[0.3685269185721473, 0.08874458869165856]",17,33
1125,"[0.442027051984352, 0.8030303030652569]",15,29
1126,"[0.6046468668564865, 0.041125541138524]",4,6
1127,"[0.21144886189508358, 0.11038961027875661]",25,49
1128,"[0.33751359782839513, 0.03896103879525764]",19,37
1129,"[0.028427166933969763, 0.9123376620185832]",30,60
1130,"[0.4976293590040535, 0.11904761919043066]",12,23
1131,"[0.39397795611802405, 0.006493506260813435]",15,29
1132,"[0.2495022680220634, 0.8495670994467583]",24,47
1133,"[0.21142833686311105, 0.8387445884994121]",25,49
1134,"[0.1592331848737583, 0.12445887443340806]",26,52
1135,"[0.4718704460077563, 0.9004329002071981]",18,34
1136,"[0.7532480860434994, 0.8344155842742709]",7,14
1137,"[0.7426161203567541, 0.7218614719598421]",4,7
1138,"[0.46704706388797307, 0.08333333344868118]",11,22
1139,"[0.02526631227270772, 0.1255411254512441]",31,60
1140,"[0.6006239609252969, 0.051948051932073025]",4,6
1141,"[0.3961125592681622, 0.1255411254512441]",18,34
1142,"[0.6352907370539006, 0.8116883115155396]",7,14
1143,"[0.26719484410942507, 0.7889610389106055]",24,46
1144,"[0.3414544036462784, 0.09848484846737154]",19,37
1145,"[0.46376305904945964, 0.08441558446651723]",11,22
1146,"[0.5736540711447068, 0.08008658008757877]",6,11
1147,"[0.43476119127859414, 0.7813852813243617]",17,32
1148,"[0.8568584388655837, 0.7673160173235074]",2,2
1149,"[0.5312698836215332, 0.01623376619032354]",7,13
1150,"[0.11313396686981553, 0.11471861465769508]",28,55
1151,"[0.6022249132879005, 0.0703463203118658]",4,7
1152,"[0.07711253874769496, 0.8939393936387905]",29,57
1153,"[0.03840233164134532, 0.14177489164156765]",31,61
1154,"[0.051784651379069596, 0.06385281405105236]",30,60
1155,"[0.14751339257997134, 0.11038961027875661]",28,55
1156,"[0.55341639128234, 0.7954545454790132]",11,20
1157,"[0.5874263664607418, 0.0790043289159456]",6,11
1158,"[0.6756839966361601, 0.032467532534444205]",2,2
1159,"[0.08491205024098733, 0.8917748917569155]",28,55
1160,"[0.472116746376843, 0.07251082250133503]",11,20
1161,"[0.23650992384806582, 0.825757575670191]",25,48
1162,"[0.2656965169066842, 0.08008658008757877]",22,43
1163,"[0.4149750620904556, 0.09199134189896385]",14,27
1164,"[0.7239793928715748, 0.10497835503577924]",3,4
1165,"[0.4149955871224282, 0.06709956695076338]",13,26
1166,"[0.3973030110204826, 0.06818181796859943]",14,27
1167,"[0.5720531187821033, 0.01948051939762882]",6,11
1168,"[0.36343671106588876, 0.03896103879525764]",17,34
1169,"[0.3123704357475227, 0.0]",19,37
1170,"[0.5241476981249993, 0.7911255409462776]",12,23
1171,"[0.6008702612797997, 0.7857142857033002]",9,17
1172,"[0.39783666180801713, 0.07359307351917108]",14,27
1173,"[0.17655631042936581, 0.041125541138524]",26,51
1174,"[0.03275794831557969, 0.11580086582932826]",31,62
1175,"[0.17397015660499948, 0.8625541124297765]",26,51
1176,"[0.6321914574885562, 0.0790043289159456]",3,6
1177,"[0.1265162866075398, 0.048701298570970615]",28,55
1178,"[0.21343978982141384, 0.1093073594147177]",25,49
1179,"[0.4091254284595484, 0.9069264067756059]",20,40
1180,"[0.6139447055671036, 0.041125541138524]",4,6
1181,"[0.4861353420473806, 0.08658008665598646]",11,20
1182,"[0.6748219453662326, 0.774891774755954]",6,11
1183,"[0.27154615053759146, 0.8279220777058631]",23,45
1184,"[0.2658196670839356, 0.09523809526006626]",20,39
1185,"[0.7561010652397572, 0.7207792206344118]",3,5
1186,"[0.14104800804822332, 0.8755411255665919]",27,53
1187,"[0.5555920444964232, 0.07575757586243743]",7,13
1188,"[0.19722501590482047, 0.08333333344868118]",25,49
1189,"[0.6497198333347214, 0.773809523738118]",7,14
1190,"[0.1974507912419346, 0.8625541124297765]",25,49
1191,"[0.23269226822201788, 0.9653679652760866]",27,54
1192,"[0.6889636912140217, 0.08008658008757877]",2,2
1193,"[0.19254530900884506, 0.876623376584428]",26,51
1194,"[0.5590402495907171, 0.04545454567125959]",6,11
1195,"[0.10196835041011953, 0.10064935050304365]",28,55
1196,"[0.41725334044981766, 0.825757575670191]",18,34
1197,"[0.4971572833124366, 0.08441558446651723]",9,17
1198,"[0.10508815500743648, 0.1255411254512441]",30,58
1199,"[0.32780525850749487, 0.8538961039794939]",20,39
1200,"[0.1616756634743168, 0.865800865790879]",28,55
1201,"[0.3225919008239849, 0.9296536795343371]",24,47
1202,"[0.16307136553177878, 0.83658008646374]",26,52
1203,"[0.2134603148533864, 0.8722943720516924]",25,49
1204,"[0.6802200283229116, 0.04004329012068795]",2,2
1205,"[0.15373247675721657, 0.08441558446651723]",27,54
1206,"[0.38223763880684847, 0.7597402597372637]",19,37
1207,"[0.6483036062452868, 0.10822510839688164]",6,11
1208,"[0.24008127911961102, 0.9621212119149841]",27,52
1209,"[0.6542148149721116, 0.11363636363985903]",2,2
1210,"[0.48685371810808414, 0.012987013136815386]",9,17
1211,"[0.5633299809083818, 0.05519480513937831]",6,11
1212,"[0.4672317891611421, 0.07575757586243743]",10,20
1213,"[0.4682990907362111, 0.8116883115155396]",15,28
1214,"[0.2031156995996728, 0.1320346320196518]",28,54
1215,"[0.52388087272394, 0.08333333344868118]",9,17
1216,"[0.6829909074058631, 0.08008658008757877]",2,2
1217,"[0.5887604934222861, 0.051948051932073025]",6,10
1218,"[0.08528150078732538, 0.11904761919043066]",30,59
1219,"[0.5961700293518517, 0.07251082250133503]",4,7
1220,"[0.3582028283504063, 0.07792207789810954]",17,33
1221,"[0.8095071940279868, 0.7987012985325214]",2,3
1222,"[0.40097699143730664, 0.9004329002071981]",20,40
1223,"[0.1293487407864089, 0.8885281383958131]",28,55
1224,"[0.17657683544675445, 0.02380952393036441]",26,51
1225,"[0.8623796720140979, 0.7175324674271065]",8,2
1226,"[0.5365242913689883, 0.05627705615721436]",6,11
1227,"[0.6210874161101939, 0.06926406929402974]",4,6
1228,"[0.3476529627915511, 0.9188311688945852]",23,46
1229,"[0.6615012007098421, 0.7770562767916261]",6,12
1230,"[0.5483672338400266, 0.07792207789810954]",6,12
1231,"[0.8118470474686825, 0.7662337659980771]",2,3
1232,"[0.3649760883471586, 0.9123376620185832]",22,43
1233,"[0.6045442416966237, 0.06060606053615282]",3,6
1234,"[0.45352106894102484, 0.07251082250133503]",11,21
1235,"[0.33490691898664016, 0.07359307351917108]",19,34
1236,"[0.07204285625882503, 0.8820346318274054]",30,58
1237,"[0.44565998235181487, 0.07251082250133503]",11,22
1238,"[0.6323556577297527, 0.05844155850048072]",2,4
1239,"[0.5528416904454443, 0.7878787877389724]",11,21
1240,"[0.7328872560038813, 0.7943722941535829]",4,7
1241,"[0.18644937500885117, 0.8603896102403074]",26,52
1242,"[0.781080027094017, 0.8333333332564348]",6,14
1243,"[0.34816608854711306, 0.8127705625333757]",20,39
1244,"[0.46495351080178005, 0.05627705615721436]",11,20
1245,"[0.04971162332484915, 0.15259740243511666]",30,60
1246,"[0.6664682580388492, 0.032467532534444205]",2,2
1247,"[0.5447958785684813, 0.07792207789810954]",7,14
1248,"[0.05593070750209441, 0.10064935050304365]",30,59
1249,"[0.03378419984128755, 0.12445887443340806]",31,61
1250,"[0.6084029474012007, 0.0703463203118658]",4,7
1251,"[0.2928511319604434, 0.0930735929167999]",20,40
1252,"[0.5342665380415987, 0.0790043289159456]",7,14
1253,"[0.3191642207616637, 0.9155844153796856]",25,48
1254,"[0.40268056895977294, 0.07792207789810954]",14,27
1255,"[0.6365222388701661, 0.050865800914236974]",2,4
1256,"[0.44746618501956, 0.8008658007219905]",15,29
1257,"[0.6682334106426493, 0.1071428573790456]",5,9
1258,"[0.5953490281458693, 0.061688311707786]",4,7
1259,"[0.4624289320879153, 0.07251082250133503]",11,20
1260,"[0.6621785267066005, 0.057359307482644666]",2,3
1261,"[0.6698959381011705, 0.8852813851885077]",11,20
1262,"[0.19909279366848326, 0.8571428571867992]",26,51
1263,"[0.6118511524809106, 0.7467532466004483]",9,17
1264,"[0.570164815986468, 0.8084415583082343]",11,21
1265,"[0.007327435816259402, 0.9188311688945852]",30,60
1266,"[0.16309189056375134, 0.11147186129659267]",26,54
1267,"[0.48042938364028126, 0.0703463203118658]",9,17
1268,"[0.5428254756741236, 0.7889610389106055]",12,22
1269,"[0.3827507645624105, 0.09523809526006626]",16,32
1270,"[0.33646682128529865, 0.816017315894478]",20,39
1271,"[0.4192442683907318, 0.09199134189896385]",14,26
1272,"[0.26126311036521155, 0.8506493503107972]",23,44
1273,"[0.42599700334092766, 0.8192640691017833]",17,33
1274,"[0.2367972742810976, 0.08116883110541483]",23,46
1275,"[0.04681759406464632, 0.13961038960589553]",31,61
1276,"[0.515506660379168, 0.7922077922717079]",12,23
1277,"[0.37472547771742004, 0.8311688309131684]",20,39
1278,"[0.4468914841680804, 0.9025974025504645]",19,37
1279,"[0.5786211284591302, 0.8506493503107972]",14,26
1280,"[0.2424621826388358, 0.08333333344868118]",23,45
1281,"[0.30978428193774027, 0.09199134189896385]",20,39
1282,"[0.2521089468638184, 0.1071428573790456]",23,44
1283,"[0.32232507543750966, 0.12012987020826672]",18,34
1284,"[0.5923318486938313, 0.11255411262202297]",8,14
1285,"[0.6849202602508596, 0.050865800914236974]",2,2
1286,"[0.2951294103198054, 0.0]",20,39
1287,"[0.45752344985482574, 0.8138528138588059]",15,29
1288,"[0.7296443012293129, 0.8030303030652569]",4,8
1289,"[0.36212310913631696, 0.07359307351917108]",16,31
1290,"[0.18158494283970672, 0.865800865790879]",26,52
1291,"[0.3906939512795107, 0.8084415583082343]",19,37
1292,"[0.6382668664419936, 0.7380952379963686]",7,14
1293,"[0.7444428480564718, 0.7932900431357468]",5,9
1294,"[0.3472629872132405, 0.03896103879525764]",18,34
1295,"[0.3614868331889197, 0.08658008665598646]",17,33
1296,"[0.261242585333239, 0.08008658008757877]",22,42
1297,"[0.8147000266795241, 0.7164502164092704]",2,4
1298,"[0.3293446357887647, 0.814935064876642]",21,42
1299,"[0.35225056957422024, 0.09632034643169944]",18,34
1300,"[0.9086636152766259, 0.835497835445904]",4,6
1301,"[0.5802836559176513, 0.7943722941535829]",10,19
1302,"[0.3794872847412857, 0.08874458869165856]",16,32
1303,"[0.06910777693467711, 0.12121212122610277]",30,59
1304,"[0.48991194762406737, 0.8073593072903983]",14,26
1305,"[0.13700457708506125, 0.11363636363985903]",28,54
1306,"[0.44407955502118385, 0.8225108224628858]",17,32
1307,"[0.7582767184538404, 0.7575757573939973]",4,6
1308,"[0.6732825680849628, 0.7499999998077536]",6,11
1309,"[0.7812647523671861, 0.7922077922717079]",4,7
1310,"[0.24552041214023507, 0.10822510839688164]",24,48
1311,"[0.1539993021582758, 0.09199134189896385]",26,51
1312,"[0.3328133659004472, 0.83658008646374]",21,42
1313,"[0.03663717903754528, 0.8733766233771227]",30,58
1314,"[0.48016255823922205, 0.08333333344868118]",11,20
1315,"[0.12626998625303704, 0.04004329012068795]",28,55
1316,"[0.28667309784714323, 0.8116883115155396]",23,45
1317,"[0.7284948995263536, 0.7683982683413435]",6,11
1318,"[0.2044703515931897, 0.11147186129659267]",25,49
1319,"[0.05266722768096962, 0.8582251082046353]",30,60
1320,"[0.6244945711259587, 0.050865800914236974]",4,4
1321,"[0.5086923503184706, 0.08441558446651723]",9,17
1322,"[0.22823833664857265, 0.03571428574174949]",24,48
1323,"[0.1895076045248344, 0.1093073594147177]",25,48
1324,"[0.27776523470025277, 0.0790043289159456]",20,39
1325,"[0.6008292112158546, 0.11255411262202297]",7,14
1326,"[0.42755690565417004, 0.008658008604079795]",12,23
1327,"[0.16069046202713794, 0.13311688303748784]",30,58
1328,"[0.5869132406905958, 0.7824675323421978]",9,17
1329,"[0.8600398185588183, 0.7662337659980771]",2,2
1330,"[0.8411773157365249, 0.7911255409462776]",2,4
1331,"[0.11032203772291897, 0.8419913418605146]",29,57
1332,"[0.2986597155274055, 0.0790043289159456]",20,39
1333,"[0.19747131627390715, 0.11255411262202297]",26,52
1334,"[0.18107181708414474, 0.11904761919043066]",25,50
1335,"[0.756757866219127, 0.7932900431357468]",4,6
1336,"[0.47860265594056356, 0.08658008665598646]",11,21
1337,"[0.20498347734875166, 0.08225108212325087]",25,49
1338,"[0.0772151638929738, 0.12012987020826672]",30,59
1339,"[0.3016768949794436, 0.8181818179301501]",22,44
1340,"[0.0636070688181354, 0.8560606058613689]",30,59
1341,"[0.2469571642616422, 0.12987012967638545]",26,51
1342,"[0.7632437757828475, 0.10389610386414605]",4,6
1343,"[0.12688573715387785, 0.08766233767382252]",28,56
1344,"[0.7219063648173543, 0.7932900431357468]",6,11
1345,"[0.532439810341881, 0.06601731608672447]",7,12
1346,"[0.052646702663580985, 0.8538961039794939]",30,59
1347,"[0.29654563740923995, 0.8430735930321478]",22,42
1348,"[0.13991913137723663, 0.8852813851885077]",27,54
1349,"[0.08386527369789083, 0.054112554121542256]",29,58
1350,"[0.6917550953435295, 0.8062770561187651]",6,11
1351,"[0.5071119229878396, 0.06818181796859943]",9,16
1352,"[0.05929681246849802, 0.12229437224393883]",30,59
1353,"[0.4314771864254968, 0.8246753246523549]",17,34
1354,"[0.13390529751971683, 0.04761904770693169]",28,55
1355,"[0.02261858336700765, 0.9188311688945852]",31,61
1356,"[0.33913507522297126, 0.07792207789810954]",17,34
1357,"[0.23468319616293204, 0.10389610386414605]",22,44
1358,"[0.22864883725885582, 0.825757575670191]",25,48
1359,"[0.4492518626407487, 0.08549783563815042]",12,23
1360,"[0.275055930713219, 0.09523809526006626]",22,42
1361,"[0.5520412142568506, 0.7467532466004483]",11,22
1362,"[0.6254181974918038, 0.11038961027875661]",5,9
1363,"[0.3330801913015064, 0.8030303030652569]",21,42
1364,"[0.33529689456495076, 0.08982683970949462]",19,37
1365,"[0.4485540116120177, 0.8831168828452415]",19,38
1366,"[0.6957164261788015, 0.06385281405105236]",2,2
1367,"[0.2508979700795254, 0.005411255242977384]",23,45
1368,"[0.1412122082894198, 0.04653679668909564]",28,55
1369,"[0.08887338109084311, 0.05519480513937831]",29,57
1370,"[0.4199421194194628, 0.04004329012068795]",14,26
1371,"[0.5690154142980925, 0.0790043289159456]",6,11
1372,"[0.12130292892402986, 0.8387445884994121]",28,55
1373,"[0.0375608054033904, 0.13852813858805949]",30,60
1374,"[0.4898708975601223, 0.08549783563815042]",10,20
1375,"[0.41033640524384135, 0.8971861473074871]",20,39
1376,"[0.42903470782493836, 0.08658008665598646]",14,26
1377,"[0.2050861025086144, 0.9761904760696356]",28,55
1378,"[0.789310564229565, 0.7976190475146853]",3,6
1379,"[0.43433016563633847, 0.9036796535683006]",19,37
1380,"[0.37098992220467836, 0.07251082250133503]",16,30
1381,"[0.49871718561109507, 0.8679653678265511]",17,33
1382,"[0.6122411280592212, 0.7835497836676281]",9,16
1383,"[0.13029289218422657, 0.835497835445904]",28,54
1384,"[0.5413887235527166, 0.04653679668909564]",7,13
1385,"[0.40089489132400036, 0.08874458869165856]",15,29
1386,"[0.9310358982745468, 0.8820346318274054]",2,4
1387,"[0.07735883910219772, 0.8495670994467583]",30,59
1388,"[0.5201042671472533, 0.08333333344868118]",9,17
1389,"[0.24217483220580402, 0.09848484846737154]",23,45
1390,"[0.790336815740689, 0.7976190475146853]",3,6
1391,"[0.2774778842818049, 0.10497835503577924]",22,42
1392,"[0.9012335543150876, 0.8809523808095693]",3,4
1393,"[0.3574639272577302, 0.8116883115155396]",20,39
1394,"[0.16641694546620986, 0.027056276983872564]",26,51
1395,"[0.5768354508379414, 0.054112554121542256]",5,9
1396,"[0.6733441431808804, 0.8376623374815761]",9,17
1397,"[0.5063319718458024, 0.06818181796859943]",9,17
1398,"[0.4737382237714191, 0.8322510822385987]",15,28
1399,"[0.4164118141972788, 0.1266233767766744]",17,32
1400,"[0.05558178198772891, 0.11038961027875661]",30,60
1401,"[0.35688922640625054, 0.08874458869165856]",17,34
1402,"[0.7671435315367856, 0.8344155842742709]",7,13
1403,"[0.6857412614714259, 0.08549783563815042]",2,2
1404,"[0.460212228809887, 0.11580086582932826]",10,19
1405,"[0.18197491841801733, 0.9859307356915514]",29,57
1406,"[0.2378851008881392, 0.8517316016362275]",24,48
1407,"[0.11200509021341275, 0.8679653678265511]",28,55
1408,"[0.4785205558126734, 0.03896103879525764]",11,20
1409,"[0.307567578659712, 0.03787878777742159]",20,39
1410,"[0.33759569795628536, 0.0]",17,34
1411,"[0.5712731676254821, 0.7943722941535829]",11,20
1412,"[0.11370866772129515, 0.09740259744953549]",28,55
1413,"[0.5396646209982777, 0.08225108212325087]",7,14
1414,"[0.6651751811266661, 0.11363636363985903]",2,2
1415,"[0.22086985078295207, 0.8582251082046353]",24,48
1416,"[0.05925576240455293, 0.06385281405105236]",30,59
1417,"[0.5636994314547199, 0.7467532466004483]",11,21
1418,"[0.264218714721332, 0.9242424241375625]",26,52
1419,"[0.38476221752071327, 0.005411255242977384]",15,29
1420,"[0.4259559532915665, 0.1168831168471643]",12,22
1421,"[0.19338683524679998, 0.08766233767382252]",25,49
1422,"[0.3806366864442449, 0.06926406929402974]",15,29
1423,"[0.47642700272648036, 0.772727272874079]",15,28
1424,"[0.6153609326565381, 0.8896103894136491]",12,22
1425,"[0.25235524723290503, 0.03571428574174949]",23,44
1426,"[0.855729562194597, 0.7499999998077536]",2,2
1427,"[0.45666139857031435, 0.8203463201196194]",17,32
1428,"[0.4430533035100599, 0.123376623415572]",15,29
1429,"[0.3778452823293209, 0.09523809526006626]",17,32
1430,"[0.5921676484526348, 0.0790043289159456]",5,9
1431,"[0.08236694649515, 0.14393939383103688]",29,57
1432,"[0.25069271977438384, 0.8322510822385987]",24,47
1433,"[0.07865191601438089, 0.10606060605361528]",29,57
1434,"[0.20239732353896925, 0.08658008665598646]",25,49
1435,"[0.027811416018545046, 0.8614718612581433]",30,60
1436,"[0.702900186771253, 0.7272727272028194]",4,8
1437,"[0.3941626813911931, 0.8084415583082343]",18,34
1438,"[0.5277806284778782, 0.08333333344868118]",8,16
1439,"[0.27657478294793236, 0.7857142857033002]",23,45
1440,"[0.5627758050888748, 0.7846320346854642]",11,21
1441,"[0.7119312000953948, 0.8841991341706718]",8,6
1442,"[0.2131113893390209, 0.8593073592224713]",25,48
1443,"[0.6898667925478942, 0.7294372295460858]",6,11
1444,"[0.18413004660012797, 0.08874458869165856]",25,49
1445,"[0.4478561605832867, 0.03896103879525764]",12,22
1446,"[0.6769770735337594, 0.7326839824457969]",7,14
1447,"[0.6525317624816179, 0.06709956695076338]",2,3
1448,"[0.6820878060719905, 0.7932900431357468]",6,11
1449,"[0.2311323659233594, 0.8344155842742709]",24,47
1450,"[0.5055314956572086, 0.03787878777742159]",9,17
1451,"[0.3520247942371061, 0.11904761919043066]",16,31
1452,"[0.04291783831070818, 0.0703463203118658]",31,60
1453,"[0.5395004207570813, 0.07792207789810954]",7,14
1454,"[0.1265162866075398, 0.8398268395172482]",28,55
1455,"[0.06728104924954333, 0.06060606053615282]",30,60
1456,"[0.5586297489804339, 0.07792207789810954]",6,11
1457,"[0.1338026723598541, 0.11147186129659267]",28,54
1458,"[0.19049280597201323, 0.11363636363985903]",26,51
1459,"[0.4692432421340288, 0.8192640691017833]",15,30
1460,"[0.4210299460265044, 0.7846320346854642]",18,34
1461,"[1.0, 0.8409090908426785]",2,2
1462,"[0.7093655713175849, 0.10497835503577924]",4,7
1463,"[0.27610270725631547, 0.0930735929167999]",20,39
1464,"[0.19000020524842381, 0.04004329012068795]",26,51
1465,"[0.3070955029680951, 0.8571428571867992]",22,43
1466,"[0.2546130005602945, 0.12987012967638545]",25,49
1467,"[0.7397631411459124, 0.8333333332564348]",9,16
1468,"[0.3897292748497204, 0.04004329012068795]",15,29
1469,"[0.4751544508462697, 0.7997835497041546]",15,29
1470,"[0.09330678763231579, 0.1406926406237316]",29,57
1471,"[0.3145050388976608, 0.0930735929167999]",19,37
1472,"[0.4111368814324351, 0.0075757575862437435]",14,26
1473,"[0.3072186531453465, 0.07792207789810954]",20,39
1474,"[0.6578682703569632, 0.7997835497041546]",7,13
1475,"[0.4202089448059381, 0.0790043289159456]",13,26
1476,"[0.6726462921521494, 0.7932900431357468]",6,11
1477,"[0.12692678721782294, 0.11255411262202297]",28,55
1478,"[0.2795098622866642, 0.9220779219480933]",26,52
1479,"[0.1026046263429329, 0.13636363624479314]",28,55
1480,"[0.2957862112845913, 0.10281385284631]",20,39
1481,"[0.4794441821785185, 0.7965367964968493]",14,27
1482,"[0.25231419716896, 0.8235930734807217]",24,47
1483,"[0.3681985180897544, 0.7932900431357468]",20,39
1484,"[0.3740481517206616, 0.8106060606515006]",19,37
1485,"[0.42550440261733824, 0.804112554083093]",16,32
1486,"[0.3500543913281645, 0.8506493503107972]",20,39
1487,"[0.4834465630777354, 0.08333333344868118]",11,20
1488,"[0.23443689579384538, 0.09956709948520759]",24,47
1489,"[0.5091644260246714, 0.865800865790879]",16,30
1490,"[0.08214117115803589, 0.877705627602264]",29,57
1491,"[0.5290942304220339, 0.0790043289159456]",8,14
1492,"[0.5614211530953579, 0.01839826837979277]",6,11
1493,"[0.6055910182397203, 0.8463203463932502]",12,24
1494,"[0.612528478477669, 0.051948051932073025]",4,7
1495,"[0.2241128055721043, 0.1071428573790456]",23,46
1496,"[0.5094517764431192, 0.7976190475146853]",12,26
1497,"[0.29859814043148786, 0.0930735929167999]",20,39
1498,"[0.6417971716495937, 0.05844155850048072]",2,4
1499,"[0.48642269248041237, 0.11363636363985903]",9,17
1500,"[0.43636214364119774, 0.03896103879525764]",12,23
1501,"[0.519180640795992, 0.0790043289159456]",9,17
1502,"[0.06180086616497417, 0.8993506491893621]",30,59
1503,"[0.0, 0.9209956709302572]",30,60
1504,"[0.4995792368810225, 0.7943722941535829]",13,25
1505,"[0.13924180538047817, 0.8333333332564348]",28,55
1506,"[0.5976067814732589, 0.0790043289159456]",5,8
1507,"[0.15346565137074128, 0.9967532464851004]",29,57
1508,"[0.6951006752779606, 0.10606060605361528]",4,7
1509,"[0.13185279448288503, 0.8603896102403074]",28,54
1510,"[0.4837133884787947, 0.061688311707786]",9,17
1511,"[0.3798156852236786, 0.0703463203118658]",15,29
1512,"[0.30980480696971285, 0.8073593072903983]",22,43
1513,"[0.0783029905000154, 0.13744588757022344]",29,57
1514,"[0.6855154861343118, 0.7510822511331839]",6,11
1515,"[0.21504074218401742, 0.012987013136815386]",24,48
1516,"[0.5195500913423301, 0.8138528138588059]",13,26
1517,"[0.3528047453937273, 0.764069263962405]",20,39
1518,"[0.27526118101836056, 0.03679653675958554]",22,42
1519,"[0.4585702263979222, 0.08874458869165856]",12,23
1520,"[0.07033927875094263, 0.13744588757022344]",30,59
1521,"[0.4411239506650633, 0.08658008665598646]",12,24
1522,"[0.6705937891299015, 0.04004329012068795]",2,2
1523,"[0.4526590176710974, 0.009740259775712974]",11,21
1524,"[0.5263849264204162, 0.11363636363985903]",7,13
1525,"[0.4242729008010727, 0.804112554083093]",17,34
1526,"[0.17429855708739242, 0.8344155842742709]",26,51
1527,"[0.10913158597059855, 0.04545454567125959]",28,55
1528,"[0.20600972885987562, 0.015151515172487487]",25,49
1529,"[0.7989983785330766, 0.7164502164092704]",2,4
1530,"[0.16541121898705846, 0.8701298700160203]",26,52
1531,"[0.2768621333663802, 0.9469696968962938]",25,49
1532,"[0.12637261139831588, 0.13311688303748784]",28,55
1533,"[0.7979310769434237, 0.8820346318274054]",6,11
1534,"[0.41359988506496614, 0.805194805100929]",17,33
1535,"[0.3757927792924891, 0.08874458869165856]",17,33
1536,"[0.5500913363798815, 0.06493506506888841]",6,11
1537,"[0.3657560394891959, 0.8106060606515006]",20,38
1538,"[0.5267954270161154, 0.03787878777742159]",7,13
1539,"[0.5900946203838304, 0.0790043289159456]",4,7
1540,"[0.7404199421252822, 0.7683982683413435]",4,7
1541,"[0.1915601075470823, 0.8430735930321478]",26,51
1542,"[0.5376531680399749, 0.8246753246523549]",12,22
1543,"[0.348309763756337, 0.8344155842742709]",20,39
1544,"[0.11689004741452974, 0.8820346318274054]",28,55
1545,"[0.03799183104564609, 0.10281385284631]",30,60
1546,"[0.4844728146034433, 0.898268398171526]",17,34
1547,"[0.6341618603829139, 0.06818181796859943]",4,7
1548,"[0.2968329878276878, 0.8409090908426785]",22,43
1549,"[0.41060323064490056, 0.0930735929167999]",14,27
1550,"[0.3200467970635637, 0.816017315894478]",20,39
1551,"[0.2897723774124876, 0.10281385284631]",21,42
1552,"[0.11844994971318822, 0.8409090908426785]",28,55
1553,"[0.3192463208895539, 0.10064935050304365]",20,38
1554,"[0.0762094374138224, 0.9025974025504645]",30,59
1555,"[0.8272818702432386, 0.7510822511331839]",2,4
1556,"[0.06785575008643904, 0.8961038959820569]",30,58
1557,"[0.42310297408072484, 0.12445887443340806]",16,32
1558,"[0.4945506044560977, 0.08333333344868118]",9,17
1559,"[0.6323351326977802, 0.11255411262202297]",2,3
1560,"[0.33223866504896754, 0.9145021643618496]",24,46
1561,"[0.18679830052321666, 0.020562770723059128]",25,49
1562,"[0.11101988875164998, 0.1168831168471643]",28,56
1563,"[0.7221731902038295, 0.754329004186692]",4,8
1564,"[0.1807434166017518, 0.08982683970949462]",25,49
1565,"[0.5159376860068399, 0.11363636363985903]",7,13
1566,"[0.2916401551761504, 0.03787878777742159]",22,42
1567,"[0.2815623653089121, 0.08008658008757877]",20,42
1568,"[0.6561441678171083, 0.8863636363601409]",11,21
1569,"[0.24272900802531108, 0.10281385284631]",23,44
1570,"[0.5159171609748673, 0.06818181796859943]",8,14
1571,"[0.2716693007148428, 0.12445887443340806]",20,39
1572,"[0.4851296155682292, 0.03896103879525764]",10,19
1573,"[0.03887440734754612, 0.1547619046245859]",31,60
1574,"[0.36197943392709303, 0.1266233767766744]",20,39
1575,"[0.43118983600704897, 0.8030303030652569]",16,31
1576,"[0.38572689395050347, 0.8279220777058631]",18,35
1577,"[0.3737197512382686, 0.07575757586243743]",15,29
1578,"[0.09437408920738483, 0.8495670994467583]",28,55
1579,"[0.08792922969302545, 0.8885281383958131]",29,57
1580,"[0.21584121837261117, 0.03787878777742159]",24,48
1581,"[0.22130087642520777, 0.83658008646374]",25,49
1582,"[0.10211202561934346, 0.8441558440499838]",29,57
1583,"[0.1108556885104535, 0.13528138522695707]",28,55
1584,"[0.6868290880784674, 0.05627705615721436]",2,2
